"time","temp","T_env","heater","graph_state"
0.0,25.0,25.0,0,6
0.5,25.0,25.0,0,8
1.0,25.0,25.0,0,8
1.5,25.0,25.0,0,8
2.0,25.0,25.0,0,8
2.5,24.99671509161349,24.721986606631262,0,8
3.0,24.9750468937708,23.624569102153576,0,8
3.5,24.925198993581578,22.601547486108927,0,8
4.0,24.848881363797407,21.341548478961414,0,8
4.5,24.74966919076201,20.4075155806126,0,8
5.0,24.626419707124818,19.403019616975993,0,8
5.5,24.48298573717979,18.5970065533538,0,8
6.0,24.32180783466087,17.526485360731716,0,8
6.5,24.13874660826196,16.489550488710762,0,8
7.0,23.935494747912692,15.75734922318218,0,8
7.5,23.713720838426635,14.702608698042798,0,8
8.0,23.48310905491787,14.091943715948826,0,8
8.5,23.23792555077956,13.201167053481843,0,8
9.0,22.978554289539737,12.327233864943247,0,8
9.5,22.70238829308237,11.493981328616112,0,8
10.0,22.416515735379523,10.870355767784321,0,8
10.5,22.124775190645977,10.461068888333873,0,8
11.0,21.83721045810961,10.308650107710744,0,8
11.5,21.546031464061095,10.0,0,8
12.0,21.26300849383093,10.224955632959547,0,8
12.5,20.985499083210758,10.152963489051386,0,8
13.0,20.721783347371783,10.301316434304438,0,8
13.5,20.478299802495467,11.129399101193881,0,8
14.0,20.24797224441235,11.084525272775839,0,8
14.5,20.0242675307887,11.35001947632846,0,8
15.0,19.813592842084425,11.804573735032138,0,8
15.5,19.62227048949949,12.262078998022165,0,8
16.0,19.453675614129782,13.261311686739656,0,8
16.5,19.31501060173203,14.115691523690561,0,8
17.0,19.20104341988135,15.147485441026198,0,8
17.5,19.118863188001917,16.248417107217886,0,8
18.0,19.065614583489808,17.45611784135091,0,8
18.5,19.037155805889125,18.23374509308306,0,8
19.0,19.0302366237055,18.98238814572408,0,8
19.5,19.043886550145,19.981023176211874,0,8
20.0,19.085974110523214,21.198453122374453,0,8
20.5,19.27108374859268,22.148492676456964,1,3
21.0,19.506406287535313,23.04875392926313,1,3
21.5,19.749480769055474,23.451202135183443,1,3
22.0,20.00031066234266,24.026260686383132,1,3
22.5,20.254183641520537,24.337734045406272,1,3
23.0,20.505653756844172,24.573689347998524,1,3
23.5,20.751958566974164,24.577476646981545,1,3
24.0,21.002831533729953,25.0,1,3
24.5,21.250273918520808,25.0,1,3
25.0,21.48630343610781,24.59097035238618,1,3
25.5,21.704835949946947,24.32827285740538,1,3
26.0,21.912392277141905,24.04125521864866,1,3
26.5,22.104657224132506,23.542531386965752,1,3
27.0,22.277634819122607,22.77915761291824,1,3
27.5,22.42869664878015,22.24481487598546,1,3
28.0,22.557760452768935,21.230847177955052,1,3
28.5,22.666997454454414,20.672609730764567,1,3
29.0,22.75037011691867,19.54642552202748,1,3
29.5,22.809346520186203,18.828335690818186,1,3
30.0,22.835722391238935,17.241008493205033,1,3
30.5,22.83442446463213,16.449632238799147,1,3
31.0,22.80815349447129,15.444969792998236,1,3
31.5,22.758710269450532,14.455620369907352,1,3
32.0,22.686350698398954,13.575158277974365,1,3
32.5,22.590620350537144,12.425326019288834,1,3
33.0,22.478838748653427,11.998837419575924,1,3
33.5,22.355910955283786,11.121284442477428,1,3
34.0,22.220419087879062,10.703969992840188,1,3
34.5,22.078053045976933,10.243233632382747,1,3
35.0,21.933227341228005,10.0,1,3
35.5,21.786372566521226,10.0,1,3
36.0,21.644507217659246,10.102134441988028,1,3
36.5,21.510793787416578,10.307593145404306,1,3
37.0,21.378074083871233,10.099675483565596,1,3
37.5,21.256959198589808,10.662653686884479,1,3
38.0,21.146936216192763,10.794286981384179,1,3
38.5,21.046497311479516,11.20971949127793,1,3
39.0,20.964702623863,12.092037580933425,1,3
39.5,20.900569934590774,12.454813301920236,1,3
40.0,20.850418502250687,12.968061508641846,1,3
40.5,20.821415233366093,14.194165572536038,1,0
41.0,20.828362245025712,15.764676568925132,1,0
41.5,20.858660948182155,16.385744383033483,1,0
42.0,20.91251533011023,17.426536632047963,1,0
42.5,20.989276109552684,18.250827620170206,1,0
43.0,20.969843913346715,19.523094806685606,0,8
43.5,20.943941657118028,20.245924995056274,0,8
44.0,20.935886886130916,20.888592608805816,0,8
44.5,20.94732420957329,21.753988413476335,0,8
45.0,20.9760746629506,22.34845715252377,0,8
45.5,21.02187136977311,23.070558441486014,0,8
46.0,21.08399972319546,23.81718118529398,0,8
46.5,21.156167138667005,24.25943420120109,0,8
47.0,21.233973977301435,24.35389341580531,0,8
47.5,21.318632960040823,24.609871980949894,0,8
48.0,21.40101024966149,24.69389531243733,0,8
48.5,21.480947629210487,24.48443890189519,0,8
49.0,21.554195137424017,24.442430428303275,0,8
49.5,21.62562427458899,24.474912655990373,0,8
50.0,21.689573368633795,23.837391294757303,0,8
50.5,21.73382281975683,23.42880841291579,0,8
51.0,21.76589044420045,22.687951191947835,0,8
51.5,21.777497013363938,21.835146591626128,0,8
52.0,21.76838851320065,21.134308498672603,0,8
52.5,21.74227313462263,20.420228439345596,0,8
53.0,21.69266178252886,19.28476532720027,0,8
53.5,21.618394804707716,18.276811519361235,0,8
54.0,21.516225498282786,16.960155195630463,0,8
54.5,21.39273916510316,16.11714698411518,0,8
55.0,21.255285239210767,15.675496630545771,0,8
55.5,21.104872841890042,14.901725434312429,0,8
56.0,20.94061162505995,14.32687061122625,0,8
56.5,20.762015606556375,13.398827930453825,0,8
57.0,20.569062312684945,12.475741117948964,0,8
57.5,20.359248954185205,11.773089149521962,0,8
58.0,20.141971552920737,11.594828539896668,0,8
58.5,19.92504521967394,11.36336606559819,0,8
59.0,19.698993526851275,10.403121730460827,0,8
59.5,19.466036201297094,10.383462391269497,0,8
60.0,19.235908902794986,10.063380751742375,0,8
60.5,19.014360621908423,10.210096463149734,0,8
61.0,18.795138049935886,10.008378391838061,0,8
61.5,18.582560856734748,10.485049233176905,0,8
62.0,18.390959329328922,11.141339568996166,0,8
62.5,18.219095135630695,11.588493392545391,0,8
63.0,18.182496013561412,11.957144055693005,1,3
63.5,18.185545874477718,12.580446386906,1,3
64.0,18.20443256906214,13.42256550887158,1,3
64.5,18.248069337043862,14.292281738519238,1,3
65.0,18.313708712665665,15.163219065825846,1,3
65.5,18.39971339972948,16.259134727716376,1,3
66.0,18.509076990559183,17.366059840651754,1,3
66.5,18.63730122627509,18.07438295049207,1,3
67.0,18.78589519049104,19.060239601640248,1,3
67.5,18.95817717093328,20.192508844994016,1,3
68.0,19.145820913227396,20.888040526433237,1,3
68.5,19.34608456778622,21.444228502585354,1,3
69.0,19.56152334780809,22.244906889600905,1,3
69.5,19.78692012790671,22.938888157656667,1,3
70.0,20.025797270099574,23.86380302826425,1,3
70.5,20.27129920902357,24.002006563061663,1,3
71.0,20.517689935471367,24.416197687950483,1,3
71.5,20.771168842375257,25.0,1,3
72.0,21.02320970570806,25.0,1,3
72.5,21.268121026148172,24.89043178590007,1,3
73.0,21.500814052814498,24.519182452453144,1,3
73.5,21.7226686879024,24.494853094745615,1,3
74.0,21.932881341889523,23.981953297933114,1,3
74.5,22.123833393934017,23.61699091253044,1,3
75.0,22.2981818750402,22.899520468778896,1,3
75.5,22.450462572705106,21.938100294769185,1,3
76.0,22.58006852877021,21.435410478199643,1,3
76.5,22.689341466017755,20.50551116107147,1,3
77.0,22.764070298545697,19.132118610518724,1,3
77.5,22.808790987514733,18.25476683874413,1,3
78.0,22.825840219313545,16.934402092332505,1,3
78.5,22.81469670119035,16.142590147832376,1,3
79.0,22.790356673643878,15.528609403069234,1,3
79.5,22.75026309586496,14.968360568348547,1,3
80.0,22.692105311012813,13.925895137842502,1,3
80.5,22.61183244461791,13.044822825548383,1,3
81.0,22.507772685145593,12.024003626072183,1,3
81.5,22.38702243240536,11.41372920585534,1,3
82.0,22.258602493204492,10.847183627641012,1,3
82.5,22.115112423940857,10.384824564765696,1,3
83.0,21.88254201081445,10.35274020784805,0,8
83.5,21.59266874002777,10.0,0,8
84.0,21.307758979955505,10.171063607072067,0,8
84.5,21.039282004884868,10.524206071318302,0,8
85.0,20.770370314258713,10.122483413953065,0,8
85.5,20.514259408199887,10.654302860413804,0,8
86.0,20.275186309336213,11.114212535737513,0,8
86.5,20.05445690910757,11.485094825201887,0,8
87.0,19.85604929390433,12.395292330695288,0,8
87.5,19.682955096282782,13.038019379961254,0,8
88.0,19.5268536867476,13.765647474338353,0,8
88.5,19.398003534246126,14.574440989377482,0,8
89.0,19.290529613736695,15.348109147924788,0,8
89.5,19.209821018776857,16.36831238926696,0,8
90.0,19.153911955523952,17.33481972471006,0,8
90.5,19.123779924065666,18.20813205183111,0,8
91.0,19.1161664949732,19.209404531275844,0,8
91.5,19.134594582739805,20.18683914207309,0,8
92.0,19.1788205891505,21.56144468169843,0,8
92.5,19.247363681360998,22.191097380609392,0,8
93.0,19.32886800146404,22.711310759327784,0,8
93.5,19.431667134788913,23.809150244580664,0,8
94.0,19.55117581992475,24.54824573943608,0,8
94.5,19.676743841385587,24.70302604022761,0,8
95.0,19.807137738105247,24.995324575274378,0,8
95.5,19.934832617941417,25.0,0,8
96.0,20.059702841438252,24.996147296220986,0,8
96.5,20.18101839703695,24.905854814821843,0,8
97.0,20.29874598770503,24.86692631288758,0,8
97.5,20.400835876403285,24.30768803440901,0,8
98.0,20.494590257115668,24.06477974406937,0,8
98.5,20.576684048157308,23.498805064291552,0,8
99.0,20.635366230441946,22.588713597762712,0,8
99.5,20.66562114694843,21.45790145449896,0,8
100.0,20.67128703760398,20.662056162670872,0,8
100.5,20.66373912331973,19.953502834094607,0,8
101.0,20.62907107322397,18.905949217190024,0,8
101.5,20.57009371415612,17.779596438629632,0,8
102.0,20.48789682183726,16.843909442696766,0,8
102.5,20.393315343074605,16.371985308213386,0,8
103.0,20.282345427117622,15.530474388057838,0,7
103.5,20.152518285027533,14.7401874618871,0,7
104.0,20.009527625657622,14.075880703588819,0,7
104.5,19.968903527892813,13.07788685987386,1,3
105.0,19.933672021318078,12.021245845847375,1,3
105.5,19.871094161645743,11.19156476791093,1,3
106.0,19.792998817597628,10.559049479773334,1,3
106.5,19.706645842691973,10.151366744727408,1,3
107.0,19.615244632306037,10.0,1,3
107.5,19.525762819887014,10.0,1,3
108.0,19.438495793898277,10.0,1,3
108.5,19.353388735614107,10.0,1,3
109.0,19.2703881831406,10.0,1,3
109.5,19.190957073508972,10.237323530097754,1,3
110.0,19.12189484861897,10.625865918071245,1,3
110.5,19.06336060596863,10.639093743846058,1,3
111.0,19.012838303256295,11.351076655781672,1,3
111.5,18.978481419687697,11.908666976260026,1,3
112.0,18.96402609190473,12.759963325239347,1,3
112.5,18.98008055908973,13.963750115447095,1,3
113.0,19.022632473758367,15.109894578500128,1,3
113.5,19.090435155171704,16.257913464827332,1,3
114.0,19.179309599455845,17.110337088185258,1,3
114.5,19.2946142325385,18.219508819008325,1,3
115.0,19.431105279638796,19.17909394694735,1,3
115.5,19.58742501437474,20.092555098976046,1,3
116.0,19.767272920379234,21.262012936865414,1,3
116.5,19.968823571031493,22.277878266596524,1,3
117.0,20.180006873157357,22.727960279044932,1,3
117.5,20.40448948299082,23.608016569895163,1,3
118.0,20.63515912771001,23.62642182706701,1,3
118.5,20.864390143218113,23.94940071859188,1,3
119.0,21.096114282864693,24.42016058375426,1,3
119.5,21.33124891346986,24.690979995908393,1,3
120.0,21.562015133192194,24.74362328752202,1,3
120.5,21.794988635161104,25.0,1,3
121.0,22.019650573487503,24.853293261433965,1,3
121.5,22.2343623686555,24.539441708573392,1,3
122.0,22.4349957934005,24.29942318943713,1,3
122.5,22.624038479132302,23.751725452414764,1,3
123.0,22.791547704613397,23.034651492826676,1,3
123.5,22.93410444573895,22.08928771763645,1,3
124.0,23.05248525437458,21.425551031952114,1,3
124.5,23.02467469954913,20.52721668307212,0,8
125.0,22.950434636532183,19.516883429607,0,8
125.5,22.84635427430281,18.311309064801975,0,8
126.0,22.718396254328,17.169771417325673,0,8
126.5,22.567074454928647,16.290486150446295,0,8
127.0,22.39582048585422,15.102009651528247,0,8
127.5,22.20210249809286,14.143411234930387,0,8
128.0,21.99450010591827,13.358797572748005,0,8
128.5,21.770060816543896,12.54207425697318,0,8
129.0,21.535038311474256,12.029688940004572,0,8
129.5,21.29668618489462,11.717294620679908,0,8
130.0,21.054630038335905,11.338296141840555,0,8
130.5,20.803535817010342,10.783648571879041,0,8
131.0,20.548583968818225,10.238110417208453,0,8
131.5,20.28798029576636,10.0,0,8
132.0,20.03333995558856,10.0,0,8
132.5,19.78500228133563,10.0,0,8
133.0,19.55304009375459,10.560461608018226,0,8
133.5,19.331384423145835,10.692281554858637,0,8
134.0,19.12581955772812,11.436030032709965,0,8
134.5,18.93809064409485,11.647636178372986,0,8
135.0,18.76509135820775,12.10165065058178,0,8
135.5,18.609219813054708,12.816997703764837,0,8
136.0,18.47925650246326,13.742733158804015,0,8
136.5,18.3727368637109,14.609033068199615,0,8
137.0,18.294477511235502,15.701053780136036,0,8
137.5,18.249303968889752,16.892756894486695,0,8
138.0,18.23357497142925,18.006060676176617,0,8
138.5,18.242195801179044,18.887499385306334,0,8
139.0,18.268558828099838,19.398010165746133,0,8
139.5,18.30919767314314,20.198575942122137,0,8
140.0,18.37321275671536,21.24509784602122,0,8
140.5,18.460646858701075,22.383171084404225,0,8
141.0,18.571287026185818,23.244206467091075,0,8
141.5,18.696910065570126,23.868870720128424,0,8
142.0,18.829356827536927,24.148059860981387,0,8
142.5,18.962801749736336,24.24456993762716,0,8
143.0,19.094519590389737,24.27188606893889,0,8
143.5,19.231005555638404,24.750883101804845,0,8
144.0,19.370733104289556,24.82506068280466,0,8
144.5,19.62396915434312,24.619965365232332,1,3
145.0,19.89703385348345,24.427815177288522,1,3
145.5,20.15999664614205,24.616521884186703,1,3
146.0,20.411604535441434,24.313040141571136,1,3
146.5,20.652551199976738,23.630490841101164,1,3
147.0,20.864561738862065,22.98909637651349,1,3
147.5,21.054681718629336,22.288324431675502,1,3
148.0,21.22465787469967,21.563504763285792,1,3
148.5,21.359723714786035,20.24714851268329,1,3
149.0,21.466804733202906,19.094993125181325,1,3
149.5,21.55236228256162,18.45475397359656,1,3
150.0,21.608608555742265,17.295402983006994,1,3
150.5,21.633128892288106,16.031949739762467,1,3
151.0,21.630153113189014,15.23546596243707,1,3
151.5,21.609988720750472,14.472833310291227,1,3
152.0,21.569816490415516,13.733135955526535,1,3
152.5,21.507764852865236,12.565126934183061,1,3
153.0,21.427692507912912,11.904649076231323,1,3
153.5,21.332583545404983,11.421600364234454,1,3
154.0,21.226573718146174,10.89546199409498,1,3
154.5,21.115195292038287,10.574134594783633,1,3
155.0,20.995019679457062,10.180333461698183,1,3
155.5,20.87184932857828,10.0,1,3
156.0,20.752387222049244,10.12145035366598,1,3
156.5,20.63613887994047,10.169660270660021,1,3
157.0,20.525789802359775,10.288283396025076,1,3
157.5,20.43243302932871,11.031538324765146,1,3
158.0,20.354161899471897,11.516441503006476,1,3
158.5,20.29044944536383,11.929885053631969,1,3
159.0,20.239532132163326,12.476756308585252,1,3
159.5,20.203066389296886,12.913555514903532,1,3
160.0,20.19328325957315,14.2371269351945,1,3
160.5,20.208109671633515,15.232492406638979,1,3
161.0,20.24648233156889,16.08881255901508,1,3
161.5,20.308044951812107,17.058120557459535,1,3
162.0,20.39047008623973,18.045188461806212,1,3
162.5,20.493549431428704,18.915332256944605,1,3
163.0,20.62125468572903,19.97805076126049,1,3
163.5,20.76104342020807,20.55915595357222,1,3
164.0,20.916421711475063,21.46265228154651,1,3
164.5,21.028899163573655,22.178528914921394,0,8
165.0,21.067792027141305,22.926944529762565,0,8
165.5,21.12343861667443,23.65764285820083,0,8
166.0,21.18674381049669,23.708637277977697,0,8
166.5,21.261435605086408,24.577564937118254,0,8
167.0,21.343660020658852,24.846989425292122,0,8
167.5,21.426362674801847,24.693043400603297,0,8
168.0,21.504519395966323,24.58001167097573,0,8
168.5,21.583164410621265,24.51550847899051,0,8
169.0,21.65573308789402,24.348182992030374,0,8
169.5,21.722179090471794,24.335250414912327,0,8
170.0,21.77477326976423,23.697249379427674,0,8
170.5,21.8186152282965,23.63361174172409,0,8
171.0,21.84488890904761,22.262258425578352,0,8
171.5,21.840314231814116,21.17376631873207,0,8
172.0,21.813447656951208,20.452870005265897,0,8
172.5,21.77254331979074,19.8761565931761,0,8
173.0,21.715177598066106,19.329177256368936,0,8
173.5,21.640121424302496,18.32660631383589,0,8
174.0,21.544589645677785,17.555103439676625,0,8
174.5,21.425519806189296,16.136239732708923,0,8
175.0,21.282431139188997,15.182004173633485,0,8
175.5,21.1153214229318,14.311691696351286,0,8
176.0,20.93766070542101,13.714160861365421,0,8
176.5,20.74984082861903,13.113555321960888,0,8
177.0,20.5543029364609,12.53025516042335,0,8
177.5,20.342878373976806,11.60125953384918,0,8
178.0,20.116371659989923,10.979599877911987,0,8
178.5,19.876456971186276,10.180216215266665,0,8
179.0,19.63297753785165,10.0,0,8
179.5,19.394549332640857,10.0,0,8
180.0,19.162022522799937,10.0,0,8
180.5,18.935251041435176,10.0,0,8
181.0,18.714395659363618,10.055122157075335,0,8
181.5,18.507490295843844,10.587126411500211,0,8
182.0,18.316922836230518,11.018736609579019,0,8
182.5,18.14212838133118,11.598052088853247,0,8
183.0,17.98661906344973,12.102317693752402,0,8
183.5,17.85047837897127,12.71057841053131,0,8
184.0,17.734628065193796,13.519597696747718,0,8
184.5,17.703134614593345,14.524131231438762,1,3
185.0,17.793337438731502,16.081731358810824,1,3
185.5,17.915486165242125,17.169624303005516,1,3
186.0,18.05816044836717,17.88963834839735,1,3
186.5,18.219124692953425,19.115625867476712,1,3
187.0,18.401185292502287,19.960328585892164,1,3
187.5,18.59236206225064,20.288010003828955,1,3
188.0,18.79720615794506,21.086331631886743,1,3
188.5,19.012958505109587,21.793415193926446,1,3
189.0,19.238808516410316,22.407452962522356,1,3
189.5,19.47795304027059,23.086801477874413,1,3
190.0,19.725400933018236,23.696190024597083,1,3
190.5,19.98196463194108,24.31051486082848,1,3
191.0,20.24346612854621,24.67231434261317,1,3
191.5,20.503568941168783,24.878207379090156,1,3
192.0,20.76141147809917,25.0,1,3
192.5,21.014211710949088,25.0,1,3
193.0,21.25372967884526,24.44764802847082,1,3
193.5,21.48660296700323,24.6729329604282,1,3
194.0,21.70483652587197,24.04435471541336,1,3
194.5,21.90658669213614,23.513373151644267,1,3
195.0,22.086969672842475,22.77851322131056,1,3
195.5,22.245369912712928,22.156979334836816,1,3
196.0,22.379907770222697,21.29850590191454,1,3
196.5,22.494185138269888,20.737681653933425,1,3
197.0,22.57701483676579,19.25714955226009,1,3
197.5,22.627089434263894,18.337745390575687,1,3
198.0,22.65841752121775,17.543685889854693,1,3
198.5,22.658919677878686,16.205861904373016,1,3
199.0,22.627156592088024,14.838966385290261,1,3
199.5,22.57558043486837,14.301137699324954,1,3
200.0,22.510555612421026,13.877910000940862,1,3
200.5,22.433336728774425,13.316065546628579,1,3
201.0,22.33809425561076,12.066408598419798,1,3
201.5,22.222229164854475,11.293349652657465,1,3
202.0,22.08947271621684,10.62346933433193,1,3
202.5,21.95042890030571,10.522857907664626,1,3
203.0,21.813614228904527,10.214619117628189,1,3
203.5,21.67007560571411,10.0,1,3
204.0,21.529734164579445,10.0,1,3
204.5,21.333684574350798,10.0,0,8
205.0,21.053765068443354,10.072768360716214,0,8
205.5,20.785731028727376,10.316616945203538,0,8
206.0,20.537058365645713,10.971300513446703,0,8
206.5,20.311208074873544,11.683652074370437,0,8
207.0,20.107714442208685,12.41952113169534,0,8
207.5,19.928361270503732,13.144121277055639,0,8
208.0,19.77311982406221,13.98399414313439,0,8
208.5,19.6395737159374,14.686798303725588,0,8
209.0,19.52698281251707,15.56697226556759,0,8
209.5,19.445079808271096,16.730471721149478,0,8
210.0,19.386830689487432,17.375522810249524,0,8
210.5,19.34616727866879,17.9542396424083,0,8
211.0,19.33370234562352,19.34817415970322,0,8
211.5,19.348134789740296,20.202342574015965,0,8
212.0,19.387576737586574,21.404201329698704,0,8
212.5,19.457103068342725,22.630779378403382,0,8
213.0,19.55170474718867,23.385136876741708,0,8
213.5,19.65150104709855,23.725284544054617,0,8
214.0,19.76015093729891,24.257946788454724,0,8
214.5,19.87849186874869,24.61223276042967,0,8
215.0,19.99849993843033,24.738476678323096,0,8
215.5,20.121563728359035,25.0,0,8
216.0,20.239822320442777,24.974417704016602,0,8
216.5,20.352302770835426,24.865016820943403,0,8
217.0,20.4599474786748,24.546506756601314,0,8
217.5,20.554745484168873,24.090711327916388,0,8
218.0,20.634650601796007,23.62093442979951,0,8
218.5,20.704145369190663,23.223491948314766,0,8
219.0,20.7592596520538,22.732616390339075,0,8
219.5,20.79240418369652,21.715609566066966,0,8
220.0,20.805639453406435,21.147376040270544,0,8
220.5,20.809309298620224,20.7697012636655,0,8
221.0,20.79153317127513,19.689549455613765,0,8
221.5,20.7386089249194,18.18448967922851,0,8
222.0,20.668471127191996,17.734967659332987,0,8
222.5,20.580311602442126,16.81000287349092,0,8
223.0,20.469191380701783,15.546081038595782,0,8
223.5,20.328101307802186,14.332420078009566,0,8
224.0,20.169536373547885,13.578819605853358,0,8
224.5,19.999180820577436,13.048800968587656,1,3
225.0,19.967809533527173,12.32800117770159,1,3
225.5,19.911098929766915,11.35276759722571,1,3
226.0,19.841947817810386,11.043526162426545,1,3
226.5,19.76779962176487,10.388374471380136,1,3
227.0,19.676381631117636,10.0,1,3
227.5,19.585386601747636,10.0,1,3
228.0,19.496643812814263,10.0,1,3
228.5,19.41009751855843,10.0,1,3
229.0,19.325693352998112,10.0,1,3
229.5,19.243600935945675,10.044528033712048,1,3
230.0,19.171956485048607,10.586431459815866,1,3
230.5,19.117773168603733,11.104677925177157,1,3
231.0,19.08055921254515,11.898379964647567,1,3
231.5,19.064342301143576,12.751251680749277,1,3
232.0,19.07028734181031,13.619687141518785,1,3
232.5,19.09563431496375,14.553206805679885,1,3
233.0,19.13955013361991,15.09683342801635,1,3
233.5,19.204453358059872,16.16110647409493,1,3
234.0,19.29805887785303,17.70235072389062,1,3
234.5,19.423931046211106,18.774484479334767,1,3
235.0,19.567180916178227,19.48340216279177,1,3
235.5,19.732563349817823,20.79563554514638,1,3
236.0,19.92551237737168,21.860329249640802,1,3
236.5,20.136680037494358,22.81175543888916,1,3
237.0,20.36952998489758,23.84249358619342,1,3
237.5,20.607828175097055,24.280898717688874,1,3
238.0,20.849766561686508,24.266883244381997,1,3
238.5,21.09117143134354,24.839247960952818,1,3
239.0,21.330900986077374,24.8665105716071,1,3
239.5,21.56635568956923,24.783153080893314,1,3
240.0,21.797609167710014,25.0,1,3
240.5,22.020932667293007,24.692762821909287,1,3
241.0,22.232508752036853,24.514774183569948,1,3
241.5,22.434117454742186,24.235941968323303,1,3
242.0,22.618306510023366,23.73338332550781,1,3
242.5,22.785799274228953,23.31027097979857,1,3
243.0,22.943543199898198,23.00380656937689,1,3
243.5,23.085666220680974,22.236222548896993,1,3
244.0,23.20127873563377,21.651588047240622,1,3
244.5,23.291350289981995,20.308537822524357,0,8
245.0,23.211678312008225,19.627609532319855,0,8
245.5,23.10534156786455,18.539411132694358,0,8
246.0,22.977571309629266,17.600073440445392,0,8
246.5,22.828052092262414,16.565891938312404,0,8
247.0,22.65704174736858,15.478873079838376,0,8
247.5,22.47056972859299,14.799460017266906,0,8
248.0,22.264133083508554,13.808615624797163,0,8
248.5,22.050748024712252,13.305780548106883,0,8
249.0,21.81890689161446,12.43620083533076,0,8
249.5,21.580225397615752,12.02017641888926,0,8
250.0,21.3349044496246,11.40262765586213,0,8
250.5,21.07775144853163,10.837416148782621,0,8
251.0,20.81643323497305,10.388751406475734,0,8
251.5,20.560537191259968,10.378256075811393,0,8
252.0,20.30394093739432,10.0,0,8
252.5,20.049654485305254,10.149786774000468,0,8
253.0,19.805609769178616,10.290127214900606,0,8
253.5,19.578431251173615,10.784793141515202,0,8
254.0,19.36757603362553,11.292373122029122,0,8
254.5,19.168448335134336,11.391007729501098,0,8
255.0,18.98692014470569,11.991855466171794,0,8
255.5,18.81787706776619,12.565541832504644,0,8
256.0,18.67655555991755,13.564368638206135,0,8
256.5,18.568117528725303,14.845373244428924,0,8
257.0,18.489643419928687,15.742623993135537,0,8
257.5,18.43108165036092,16.36235305282959,0,8
258.0,18.40191708122257,17.66626786323126,0,8
258.5,18.40003464895001,18.712303805958094,0,8
259.0,18.421998331832025,19.763711090222106,0,8
259.5,18.468015689778753,20.564656449764172,0,8
260.0,18.53153691807897,21.435796574324307,0,8
260.5,18.618743592241692,22.44884242045029,0,8
261.0,18.722511876512332,23.132466453087567,0,8
261.5,18.841028230896896,23.794611433775593,0,8
262.0,18.97452407332067,24.357385056649512,0,8
262.5,19.113165472718027,25.0,0,8
263.0,19.25887196743345,25.0,0,8
263.5,19.40097204472643,25.0,0,8
264.0,19.539554967924932,25.0,0,8
264.5,19.674707790978257,25.0,1,3
265.0,19.95299816849011,24.837510912868673,1,3
265.5,20.214957628632135,24.28789458392361,1,3
266.0,20.461479665366884,24.10013466338835,1,3
266.5,20.68779723142422,23.218623632999588,1,3
267.0,20.89081720413362,22.63592733853119,1,3
267.5,21.072164170507534,21.773159378791853,1,3
268.0,21.22774909651893,21.010886622575406,1,3
268.5,21.351748012932692,19.8109253332175,1,3
269.0,21.44777754330961,19.044871420559414,1,3
269.5,21.52626233998369,18.289933807371998,1,3
270.0,21.582532222869375,17.387630314205246,1,3
270.5,21.60630929948496,16.28224738264783,1,3
271.0,21.61609351696379,15.739435596213493,1,3
271.5,21.604322789171004,14.623721028922807,1,3
272.0,21.56838859337648,13.932659847921219,1,3
272.5,21.510044553801407,12.860094707075023,1,3
273.0,21.43971855388056,12.522214233763208,1,3
273.5,21.3555596320686,11.675829107295844,1,3
274.0,21.260000905952495,11.308433755579909,1,3
274.5,21.15416000597266,10.658143005921286,1,3
275.0,21.03283060043033,10.0,1,3
275.5,20.908261767743298,10.0,1,3
276.0,20.78677616898742,10.0,1,3
276.5,20.670464012269676,10.186763825261291,1,3
277.0,20.557829024912472,10.093629603428047,1,3
277.5,20.448890793123056,10.448849688603106,1,3
278.0,20.352247878699053,10.635840822250577,1,3
278.5,20.2716441529047,11.391350798157656,1,3
279.0,20.208299250977785,12.12700643981358,1,3
279.5,20.169933753458018,12.976638824619368,1,3
280.0,20.146324369598755,13.377425786277424,1,3
280.5,20.138228303964826,14.134171586565897,1,3
281.0,20.15153682190228,14.996089579185501,1,3
281.5,20.18238127759058,15.744357934380215,1,3
282.0,20.24090378335946,16.95782946987186,1,3
282.5,20.329024233413197,18.263103858307602,1,3
283.0,20.44157034787429,19.2823695252034,1,3
283.5,20.57531042866099,20.3947035881956,1,3
284.0,20.73816128764534,21.50504786412266,1,3
284.5,20.912054510384362,21.763291743440767,1,0
285.0,21.028983501762657,22.480828904863817,0,8
285.5,21.07265869403476,22.852822982144062,0,8
286.0,21.131316175327107,23.80997468739347,0,8
286.5,21.208540744589218,24.535855107630447,0,8
287.0,21.29356512988763,24.80692485993355,0,8
287.5,21.384607654458282,25.0,0,8
288.0,21.47046605485106,24.955881413051817,0,8
288.5,21.557408924686452,24.960482068806424,0,8
289.0,21.633096493654246,24.41267490858528,0,8
289.5,21.700278319914563,24.155500367499855,0,8
290.0,21.75484292771787,23.69642002750141,0,8
290.5,21.79597500302515,23.442469691477665,0,8
291.0,21.8286733745358,22.696145806119056,0,8
291.5,21.84156361652821,21.861418764114326,0,8
292.0,21.834776255159692,21.22656517927891,0,8
292.5,21.810207322630724,20.566907233308115,0,8
293.0,21.766498698591356,19.6405905421065,0,8
293.5,21.6999495219413,18.66878945028986,0,8
294.0,21.6088170419553,17.73933535927457,0,8
294.5,21.495911140312266,16.42026746800019,0,8
295.0,21.35465797426137,15.489967898257301,0,8
295.5,21.198249743945254,14.706930810303152,0,8
296.0,21.02375852964872,13.840192091045743,0,8
296.5,20.835539327135287,13.057620773810193,0,8
297.0,20.63132758802163,12.280957871664377,0,8
297.5,20.408562655751417,11.373855703034028,0,8
298.0,20.181152387663268,10.970710251811276,0,8
298.5,19.941840343429888,10.386816791026524,0,8
299.0,19.70200031429898,10.115093647998517,0,8
299.5,19.46186370930812,10.0,0,8
300.0,19.22767078471186,10.0,0,8
300.5,18.999274427009397,10.0,0,8
301.0,18.77653116394249,10.0,0,8
301.5,18.560790648014393,10.181240671875818,0,8
302.0,18.36359482794255,10.923682586405503,0,8
302.5,18.186459760740224,11.29281035496381,0,8
303.0,18.02688176012002,11.961825259615589,0,8
303.5,17.88361653638177,12.485682074324792,0,8
304.0,17.761980054524383,13.49865758723081,0,8
304.5,17.668419026343727,14.4973148327824,0,8
305.0,17.669272838036406,15.537865177226132,1,3
305.5,17.784360720874542,16.657315431346845,1,3
306.0,17.914318444234727,17.5040073119852,1,3
306.5,18.068520563816666,18.805033871822303,1,3
307.0,18.249943683265705,19.594882023724974,1,3
307.5,18.44649911902144,20.624290778845467,1,3
308.0,18.663644829448685,21.378879099594297,1,3
308.5,18.89214958347079,22.280890159773918,1,3
309.0,19.14546859863299,23.553627629920836,1,3
309.5,19.414233950201474,24.22450332629525,1,3
310.0,19.688200763359458,24.586523896935127,1,3
310.5,19.957388665550187,24.529766838096545,1,3
311.0,20.22200053675931,24.6315768279989,1,3
311.5,20.477595923499656,24.763191936985557,1,3
312.0,20.72864019530816,24.747407744726466,1,3
312.5,20.971533880673746,24.37005285364683,1,3
313.0,21.2054192410355,24.433683621562714,1,3
313.5,21.428753836144132,24.17743761710013,1,3
314.0,21.638948227740567,23.800756044439073,1,3
314.5,21.837545594875774,23.55776454166043,1,3
315.0,22.018374981569057,22.92222106459267,1,3
315.5,22.175771507201244,21.849302755733163,1,3
316.0,22.306038479902167,21.198093539419524,1,3
316.5,22.40786586300073,20.150198848496746,1,3
317.0,22.493946689391755,19.596354321160725,1,3
317.5,22.554841206065976,18.637653066060345,1,3
318.0,22.588842122158006,17.689052064052152,1,3
318.5,22.596921956883612,16.362052634246975,1,3
319.0,22.57887374153746,15.594552797088799,1,3
319.5,22.54068653707612,14.620866445216175,1,3
320.0,22.47437590083791,13.626323661622722,1,3
320.5,22.390916236613247,12.694444874523725,1,3
321.0,22.286326448992074,11.798838864473629,1,3
321.5,22.16054198620374,10.877089425408931,1,3
322.0,22.02454344281948,10.476302763951304,1,3
322.5,21.876845737579288,10.0,1,3
323.0,21.731386477863808,10.0,1,3
323.5,21.589527516196256,10.0,1,3
324.0,21.45117974071081,10.0,1,3
324.5,21.31625624517144,10.0,1,3
325.0,21.124822274379827,10.0,0,8
325.5,20.85983305212028,10.808410737060955,0,8
326.0,20.623993806530567,11.7260812055084,0,8
326.5,20.412043545860534,12.215075073531647,0,8
327.0,20.217248944937044,12.62673977453947,0,8
327.5,20.041241916140017,13.4873726174706,0,8
328.0,19.890259089681088,14.367093399055026,0,8
328.5,19.766473790967847,15.08258686551589,0,8
329.0,19.66269628085228,15.846609691986595,0,8
329.5,19.580942787291324,16.660802353537242,0,8
330.0,19.528399556144926,17.786868451365116,0,8
330.5,19.497341728201135,18.47551691587762,0,8
331.0,19.483870075991486,19.425833425137974,0,8
331.5,19.49112757547047,20.13032810563105,0,8
332.0,19.520082557332017,21.032558214791287,0,8
332.5,19.57640444527844,22.22307289706032,0,8
333.0,19.654514699888313,23.026777752322804,0,8
333.5,19.741931046116655,23.29990898192944,0,8
334.0,19.83888898645445,24.00873020656849,0,8
334.5,19.94144113373292,24.050584535900377,0,8
335.0,20.045916732623066,24.22041655295545,0,8
335.5,20.154896009213147,24.609226609680523,0,8
336.0,20.26581029135917,24.588206264667804,0,8
336.5,20.374244793407044,24.677895896682404,0,8
337.0,20.482805503333562,24.621967531532434,0,8
337.5,20.58280145779981,24.590267595541935,0,8
338.0,20.67108639734016,23.943401955693183,0,8
338.5,20.74553727511186,23.47811192562651,0,8
339.0,20.81029011131425,23.200685169455127,0,8
339.5,20.857549649621586,22.237355129161454,0,8
340.0,20.880117192617256,21.69729096549738,0,8
340.5,20.8890480395142,20.815733751572047,0,8
341.0,20.87267033569875,19.798534785873834,0,8
341.5,20.83318693055973,18.80416089656223,0,8
342.0,20.762705193926198,17.341092695549612,0,8
342.5,20.663245216208253,16.281173681151422,0,8
343.0,20.541247854990285,15.398033937446336,0,8
343.5,20.399886279297505,14.507339650102264,0,8
344.0,20.24462633521942,13.784432726427173,0,8
344.5,20.074583960365004,12.898750102448165,0,8
345.0,19.94954410365251,12.37989260874561,1,3
345.5,19.89998668039539,11.765692421546515,1,3
346.0,19.839987876950858,11.370311744938332,1,3
346.5,19.773990055264612,11.10771973395305,1,3
347.0,19.69590033555421,10.245414897017753,1,3
347.5,19.61436586408547,10.42083613112909,1,3
348.0,19.534946357513512,10.398212905723302,1,3
348.5,19.45932918399926,10.65926994461065,1,3
349.0,19.392690857931697,10.71909814541631,1,3
349.5,19.327168009355628,10.914121738815723,1,3
350.0,19.268189443095658,11.084296757992298,1,3
350.5,19.22167985985815,11.633472083859715,1,3
351.0,19.188719800124524,12.123846880271236,1,3
351.5,19.172301308823798,12.984811719890905,1,3
352.0,19.17741306549609,13.681651644532437,1,3
352.5,19.19873395311072,14.407171033781712,1,3
353.0,19.237545852424272,15.207661198780531,1,3
353.5,19.30444242306018,16.41227742838667,1,3
354.0,19.39796844447952,17.75440253685624,1,3
354.5,19.516979625511144,18.583833485313903,1,3
355.0,19.64573792231764,19.04753888920528,1,3
355.5,19.791728901549646,19.93027317457974,1,3
356.0,19.958137760959787,20.880668888627078,1,3
356.5,20.138030088946124,21.43248767338423,1,3
357.0,20.333176282311484,22.290588457186153,1,3
357.5,20.539505958325247,22.981869823779913,1,3
358.0,20.7585696950259,23.731412757096354,1,3
358.5,20.98346142628221,23.977569184180847,1,3
359.0,21.219538447139495,24.968950417628584,1,3
359.5,21.461449936741484,25.0,1,3
360.0,21.696148344828323,24.92493069453994,1,3
360.5,21.92643027406293,25.0,1,3
361.0,22.151012438415478,25.0,1,3
361.5,22.360701969796025,24.33009897025164,1,3
362.0,22.54935388604793,23.75426391549227,1,3
362.5,22.716966488763877,22.967110684127622,1,3
363.0,22.863922893856113,22.391154350968613,1,3
363.5,22.987271842435554,21.65011304187402,1,3
364.0,23.08645450918727,20.77807816364359,1,3
364.5,23.163763669300394,19.735172704222723,1,3
365.0,23.146465804115138,18.450787676264525,0,8
365.5,23.02836466862426,18.14177653643753,0,8
366.0,22.893506143880032,17.19605143325576,0,8
366.5,22.735436522168026,16.07889770320898,0,8
367.0,22.554409838549056,15.216800715395134,0,8
367.5,22.36104652749961,14.258834229165831,0,8
368.0,22.146237614399464,13.147074794749336,0,8
368.5,21.91436075351336,12.513724223105678,0,8
369.0,21.671225008292147,11.888069835463618,0,8
369.5,21.42245757882108,11.275140501609656,0,8
370.0,21.16315197034174,10.795122100728967,0,8
370.5,20.898155769877977,10.365471091957438,0,8
371.0,20.634340564769882,10.064762581827036,0,8
371.5,20.37395894629689,10.175107698747125,0,8
372.0,20.118248865706267,10.0,0,8
372.5,19.86793650365175,10.025382718977557,0,8
373.0,19.62369277107221,10.0,0,8
373.5,19.386437271654323,10.058367834837721,0,8
374.0,19.154783405889653,10.094916732418277,0,8
374.5,18.943216747437962,10.803591676692193,0,8
375.0,18.75475360259964,11.663614593659847,0,8
375.5,18.591874143795224,12.557540275316509,0,8
376.0,18.460823731637348,13.674820168242793,0,8
376.5,18.35522229177903,14.386449642247435,0,8
377.0,18.27522046590765,15.429224743686884,0,8
377.5,18.222451108988245,16.52328712473726,0,8
378.0,18.190309217555388,17.19523312642058,0,8
378.5,18.179074983697458,18.07338401032975,0,8
379.0,18.197942442267934,19.536146752747825,0,8
379.5,18.245069025110876,20.26908258483772,0,8
380.0,18.306438761846987,20.93026019841396,0,8
380.5,18.388680694636612,22.09097754237993,0,8
381.0,18.496862713733673,23.281791314269377,0,8
381.5,18.62630273012724,23.940610773150713,0,8
382.0,18.76798254545441,24.43294418095281,0,8
382.5,18.918272367437535,25.0,0,8
383.0,19.068802709516603,25.0,0,8
383.5,19.215607237936226,25.0,0,8
384.0,19.358778171230107,25.0,0,8
384.5,19.498405445408252,25.0,0,8
385.0,19.694391888848475,24.993023679234167,1,3
385.5,19.970757089859603,24.771033259799353,1,3
386.0,20.22854077504436,24.107159582958275,1,3
386.5,20.463602238940037,23.561709498851318,1,3
387.0,20.68030298238684,23.03388525092697,1,3
387.5,20.879447058379924,22.55698616381272,1,3
388.0,21.058699629458108,21.812282461689847,1,3
388.5,21.205037646835343,20.48121293948278,1,3
389.0,21.320119571577752,19.457953438705246,1,3
389.5,21.402944736875725,18.161427200378252,1,3
390.0,21.45143109238766,16.976728064598568,1,3
390.5,21.47732765790781,16.133583252750466,1,3
391.0,21.47962460694076,15.24585124875938,1,3
391.5,21.460185817100264,14.096373609490243,1,3
392.0,21.419013148616603,13.472382447436228,1,3
392.5,21.353774105658974,12.378026577148024,1,3
393.0,21.26922796926141,11.612923486882547,1,3
393.5,21.165277552989537,10.78126002490374,1,3
394.0,21.043293513026832,10.083073071956054,1,3
394.5,20.918616207151143,10.0,1,3
395.0,20.796874323109193,10.0,1,3
395.5,20.67905415003496,10.181689508077406,1,3
396.0,20.563906271672238,10.0,1,3
396.5,20.45094390081345,10.0,1,3
397.0,20.342303407311057,10.211151075394172,1,3
397.5,20.241726611834363,10.348736650595733,1,3
398.0,20.150711056573815,10.816832626848239,1,3
398.5,20.07325461398612,11.113531028168648,1,3
399.0,20.014247275556194,11.878494760687161,1,3
399.5,19.979735739956617,12.946111048744765,1,3
400.0,19.96867560361859,14.055254778521793,1,3
400.5,19.972766444596907,14.3536143142362,1,3
401.0,20.002225363430796,15.485986940931166,1,3
401.5,20.058936054392422,16.668733350207027,1,3
402.0,20.13437582830329,17.31189775598082,1,3
402.5,20.22889960608612,18.40295419934906,1,3
403.0,20.34463611790913,19.135792518309135,1,3
403.5,20.4780850810108,20.182941502611076,1,3
404.0,20.626824855303017,20.60341634836663,1,3
404.5,20.78658231897047,21.457457218645853,1,3
405.0,20.965547160736858,22.42443832172416,1,0
405.5,21.042027805174097,23.099147792073907,0,8
406.0,21.102201201499234,23.729924407104598,0,8
406.5,21.176587232376935,24.354379612883772,0,8
407.0,21.265357292746625,25.0,0,8
407.5,21.35770886950989,25.0,0,8
408.0,21.447860116482655,25.0,0,8
408.5,21.535780007685226,25.0,0,8
409.0,21.621523771955147,25.0,0,8
409.5,21.703815556216245,24.80506258195987,0,8
410.0,21.77150588533343,24.153781711889774,0,8
410.5,21.820410300157725,23.618101940508474,0,8
411.0,21.854108577853026,22.92934337482208,0,8
411.5,21.868489074336193,22.009971012113414,0,8
412.0,21.86295324432387,21.43535686700092,0,8
412.5,21.837511240051793,20.255512587853914,0,8
413.0,21.788947232639014,19.312978829860985,0,8
413.5,21.709750568944923,18.29692396308973,0,8
414.0,21.610452302840695,17.24672243012154,0,8
414.5,21.484395413108835,16.249942486558734,0,8
415.0,21.339917297022712,15.289989186063766,0,8
415.5,21.174924209074767,14.441616801704006,0,8
416.0,20.997394925766653,13.795427516092564,0,8
416.5,20.810561011702205,13.075715640190012,0,8
417.0,20.609214705949793,12.3969144562492,0,8
417.5,20.392210216695844,11.541954334826926,0,8
418.0,20.165447486163497,11.10225320654716,0,8
418.5,19.93665583357678,10.763022816939952,0,8
419.0,19.709803489608532,10.652723280580421,0,8
419.5,19.47580514927952,10.13202465621961,0,8
420.0,19.241445619326807,10.0,0,8
420.5,19.012708317292084,10.0,0,8
421.0,18.789632548690257,10.0,0,8
421.5,18.574050603949726,10.191868183199087,0,8
422.0,18.378302868717867,10.903456875908766,0,8
422.5,18.197909209588364,11.241385718195957,0,8
423.0,18.03949951820307,12.008563777349389,0,8
423.5,17.903995411809134,13.014704975462806,0,8
424.0,17.798397461783395,14.122284108494458,0,8
424.5,17.720503687714444,14.857468207954172,0,8
425.0,17.66801028713345,16.09269334967642,0,8
425.5,17.754105869981178,16.590064763623804,1,3
426.0,17.886984233264528,17.56458539142826,1,3
426.5,18.046749970300514,18.54515553747439,1,3
427.0,18.22506538678128,19.585361704844676,1,3
427.5,18.41603213192105,20.215256662694383,1,3
428.0,18.61545950571197,20.722439831299763,1,3
428.5,18.82858219912163,21.622631027241987,1,3
429.0,19.05948824942336,22.47565441182803,1,3
429.5,19.312905876054614,23.580887437859317,1,3
430.0,19.570333982320182,23.810769110349057,1,3
430.5,19.83287829682835,24.311898064409295,1,3
431.0,20.0881807652302,24.125707504902646,1,3
431.5,20.345933541310412,24.66220958034525,1,3
432.0,20.603739374400295,24.800851260465148,1,3
432.5,20.848171886751643,24.082935000904452,1,3
433.0,21.077535767726225,23.89936036386002,1,3
433.5,21.289269025540882,23.449873300856964,1,3
434.0,21.492267027393506,23.57150517584524,1,3
434.5,21.6837869118823,23.045196916619837,1,3
435.0,21.8636167332901,22.82673228350677,1,3
435.5,22.030102135173347,22.216306668613832,1,3
436.0,22.17009016466723,21.286144635682817,1,3
436.5,22.27945890000937,20.31249671492068,1,3
437.0,22.366699203718117,19.542749622131414,1,3
437.5,22.430549310540233,18.542079954467642,1,3
438.0,22.47311857161349,17.73579579892518,1,3
438.5,22.489073237433832,16.607723695722832,1,3
439.0,22.478511683993535,15.411946705115454,1,3
439.5,22.440437607528658,14.710851791345084,1,3
440.0,22.39208748081804,14.243124226272387,1,3
440.5,22.326614561796816,13.298012542765328,1,3
441.0,22.233416145583874,12.126493715069557,1,3
441.5,22.12126284278743,11.438303676383114,1,3
442.0,21.99008396684185,10.781637062906537,1,3
442.5,21.85138198023162,10.273315217816297,1,3
443.0,21.708219492134585,10.0,1,3
443.5,21.566933942250238,10.0,1,3
444.0,21.42914538589139,10.0,1,3
444.5,21.294767268107957,10.0,1,3
445.0,21.16748873540652,10.249567917600894,1,3
445.5,20.9310169539874,10.769671795064328,0,8
446.0,20.684673496948978,11.082933528729335,0,8
446.5,20.458988733014138,12.035484716061944,0,8
447.0,20.258698740481684,12.438233964981059,0,8
447.5,20.080218514514417,13.339665325343482,0,8
448.0,19.93031524249234,14.425999917444006,0,8
448.5,19.802631729898362,15.26621012565056,0,8
449.0,19.69662639217894,15.892231551360366,0,8
449.5,19.617639765121456,17.051051581966775,0,8
450.0,19.56151804651285,17.75301160243575,0,8
450.5,19.53725368016752,18.96514699182504,0,8
451.0,19.535660846563704,19.56749739603167,0,8
451.5,19.5486715825229,20.410572375063413,0,8
452.0,19.586574336853744,21.390853572514384,0,8
452.5,19.643330691001136,22.099288521398325,0,8
453.0,19.712764196391248,22.77277399051482,0,8
453.5,19.790265090733314,23.15106510644526,0,8
454.0,19.88786352902272,24.166031786884645,0,8
454.5,19.999858929629692,24.545864007065404,0,8
455.0,20.113497670267503,24.698211241771702,0,8
455.5,20.23311679467288,25.0,0,8
456.0,20.35110309772712,25.0,0,8
456.5,20.465455763125206,24.85733409179589,0,8
457.0,20.570859717780298,24.64790367989931,0,8
457.5,20.669477600187676,24.503123604289467,0,8
458.0,20.765476917026877,24.389983303765405,0,8
458.5,20.840077961849737,23.47174157161633,0,8
459.0,20.892527914570373,22.56639801221477,0,8
459.5,20.921249336282973,21.545885128158055,0,8
460.0,20.92852481802991,20.840628650774548,0,8
460.5,20.908567214299673,19.722299685861465,0,8
461.0,20.860469525097443,18.5437943736021,0,8
461.5,20.791969713721357,17.734770925025817,0,8
462.0,20.70407973017503,16.800155728322686,0,8
462.5,20.591733731272374,15.940259008193282,0,8
463.0,20.46294272399695,14.974539500371957,0,8
463.5,20.317623884099653,14.300854817716072,0,8
464.0,20.154259786679173,13.33422253082255,0,8
464.5,19.974445630597877,12.481252063083385,0,8
465.0,19.784853952442248,12.174968756917451,0,8
465.5,19.702697682572442,11.236071088494143,1,3
466.0,19.63986990578152,11.199438592850726,1,3
466.5,19.573523650947724,10.890448646407677,1,3
467.0,19.499260109632004,10.48718746761307,1,3
467.5,19.42435890354179,10.311233299422383,1,3
468.0,19.345194810062132,10.19189964963602,1,3
468.5,19.267039704621222,10.31045965181401,1,3
469.0,19.19599219734418,10.553900981730845,1,3
469.5,19.140430145054452,11.223501454145163,1,3
470.0,19.097000446069565,11.371265409264833,1,3
470.5,19.05717709264327,11.59081980758387,1,3
471.0,19.02971220242568,12.237978932331549,1,3
471.5,19.02308173157975,13.136780814575287,1,3
472.0,19.03261717207993,13.428567356924656,1,3
472.5,19.05642792998483,14.317578134534543,1,3
473.0,19.103787508613447,15.302595290020328,1,3
473.5,19.16840024875343,16.140507298363918,1,3
474.0,19.25746699502958,17.3570957574439,1,3
474.5,19.37642337706591,18.431510285994044,1,3
475.0,19.518287936802302,19.499814120912827,1,3
475.5,19.67611066746674,20.269411498255025,1,3
476.0,19.846343411713168,20.88762023007631,1,3
476.5,20.036208962852722,21.800326485530956,1,3
477.0,20.241765870235614,22.61876322689124,1,3
477.5,20.463814188660884,23.379532913553383,1,3
478.0,20.695861992020216,24.086432353408448,1,3
478.5,20.935486318562383,24.685672087596124,1,3
479.0,21.184278974346746,25.0,1,3
479.5,21.427230308739492,25.0,1,3
480.0,21.663645795789222,24.895500222781155,1,3
480.5,21.892605300780634,25.0,1,3
481.0,22.118024675397542,25.0,1,3
481.5,22.329566087500805,24.548752479060745,1,3
482.0,22.527455055835823,24.122297283806287,1,3
482.5,22.707510376428058,23.632409881056248,1,3
483.0,22.869425319210492,22.954698021873195,1,3
483.5,23.008135725734487,22.228219639460224,1,3
484.0,23.126183587026485,21.473109887223707,1,3
484.5,23.218445779909267,20.458195124725226,1,3
485.0,23.287732658970555,19.577195786149122,1,3
485.5,23.210181275494747,18.522875668901243,0,8
486.0,23.08323737632161,17.735962723559673,0,8
486.5,22.943045056930853,16.99774504049707,0,8
487.0,22.782169101694627,16.093761421777046,0,8
487.5,22.60166999536289,15.103399117898917,0,8
488.0,22.405906226235402,14.444071127481369,0,8
488.5,22.197684009633832,13.559775046735108,0,8
489.0,21.970010277813586,12.466234916201707,0,8
489.5,21.732616438279045,12.303170287440711,0,8
490.0,21.49226121165635,11.87570083430479,0,8
490.5,21.235496075821004,10.686735078795248,0,8
491.0,20.97504761872275,10.66420085280972,0,8
491.5,20.71516442021714,10.399539990108522,0,8
492.0,20.451606974392146,10.037419749473129,0,8
492.5,20.192916669895833,10.0,0,8
493.0,19.943325252925977,10.296801486796308,0,8
493.5,19.70335673649106,10.170001876895395,0,8
494.0,19.472803142447937,10.596805334456903,0,8
494.5,19.267826556769638,11.76602682372566,0,8
495.0,19.08819909582931,12.349431450353986,0,8
495.5,18.931137433852765,12.987717912697947,0,8
496.0,18.791920025849905,13.605956657769987,0,8
496.5,18.67371205658076,14.213999506406077,0,8
497.0,18.57508672534222,15.057161201942456,0,8
497.5,18.499721429219527,15.722016396494373,0,8
498.0,18.449804323244972,16.75763063870902,0,8
498.5,18.41996129718191,17.57431067977671,0,8
499.0,18.41812238062968,18.728944440178957,0,8
499.5,18.4397953653557,19.75928063783752,0,8
500.0,18.49098645540744,21.0027219140243,0,8
