time,tank1_level,tank2_level,v1_cmd,v2_cmd,v3_cmd,q_transfer
0.0,0.0,0.0,0,0,0,0.0
1.0,3.9999999999999996,0.0,1,0,0,0.0
2.0,8.000000000000002,0.0,1,0,0,0.0
3.0,12.000000000000005,0.0,1,0,0,0.0
4.0,16.000000000000007,0.0,1,0,0,0.0
5.0,19.999999999999993,0.0,1,0,0,0.0
6.0,23.99999999999998,0.0,1,0,0,0.0
7.0,27.999999999999964,0.0,1,0,0,0.0
8.0,31.99999999999995,0.0,1,0,0,0.0
9.0,35.999999999999936,0.0,1,0,0,0.0
10.0,39.99999999999992,0.0,1,0,0,0.0
11.0,43.99999999999991,0.0,1,0,0,0.0
12.0,47.99999999999989,0.0,1,0,0,0.0
13.0,51.99999999999988,0.0,1,0,0,0.0
14.0,55.999999999999865,0.0,1,0,0,0.0
15.0,59.99999999999985,0.0,1,0,0,0.0
16.0,63.99999999999984,0.0,1,0,0,0.0
17.0,67.99999999999989,0.0,1,0,0,0.0
18.0,71.99999999999994,0.0,1,0,0,0.0
19.0,76.0,0.0,1,0,0,0.0
20.0,80.00000000000006,0.0,1,0,0,0.0
21.0,84.00000000000011,0.0,1,0,0,0.0
22.0,88.00000000000017,0.0,1,0,0,0.0
23.0,92.00000000000023,0.0,1,0,0,0.0
24.0,96.00000000000028,0.0,1,0,0,0.0
25.0,100.00000000000034,0.0,1,0,0,0.0
26.0,104.0000000000004,0.0,1,0,0,0.0
27.0,108.00000000000045,0.0,1,0,0,0.0
28.0,112.00000000000051,0.0,1,0,0,0.0
29.0,116.00000000000057,0.0,1,0,0,0.0
30.0,120.00000000000063,0.0,1,0,0,0.0
31.0,124.00000000000068,0.0,1,0,0,0.0
32.0,128.00000000000074,0.0,1,0,0,0.0
33.0,132.0000000000008,0.0,1,0,0,0.0
34.0,136.00000000000085,0.0,1,0,0,0.0
35.0,140.0000000000009,0.0,1,0,0,0.0
36.0,144.00000000000097,0.0,1,0,0,0.0
37.0,148.00000000000102,0.0,1,0,0,0.0
38.0,152.00000000000108,0.0,1,0,0,0.0
39.0,156.00000000000114,0.0,1,0,0,0.0
40.0,160.0000000000012,0.0,1,0,0,0.0
41.0,164.00000000000125,0.0,1,0,0,0.0
42.0,168.0000000000013,0.0,1,0,0,0.0
43.0,172.00000000000136,0.0,1,0,0,0.0
44.0,176.00000000000142,0.0,1,0,0,0.0
45.0,180.00000000000148,0.0,1,0,0,0.0
46.0,184.00000000000153,0.0,1,0,0,0.0
47.0,188.0000000000016,0.0,1,0,0,0.0
48.0,192.00000000000165,0.0,1,0,0,0.0
49.0,196.0000000000017,0.0,1,0,0,0.0
50.0,200.00000000000176,0.0,1,0,0,0.0
51.0,204.00000000000182,0.0,1,0,0,0.0
52.0,208.00000000000188,0.0,1,0,0,0.0
53.0,212.00000000000193,0.0,1,0,0,0.0
54.0,216.000000000002,0.0,1,0,0,0.0
55.0,220.00000000000205,0.0,1,0,0,0.0
56.0,224.0000000000021,0.0,1,0,0,0.0
57.0,228.00000000000216,0.0,1,0,0,0.0
58.0,232.00000000000222,0.0,1,0,0,0.0
59.0,236.00000000000227,0.0,1,0,0,0.0
60.0,240.00000000000233,0.0,1,0,0,0.0
61.0,244.0000000000024,0.0,1,0,0,0.0
62.0,248.00000000000244,0.0,1,0,0,0.0
63.0,252.0000000000025,0.0,1,0,0,0.0
64.0,256.00000000000256,0.0,1,0,0,0.0
65.0,260.00000000000233,0.0,1,0,0,0.0
66.0,264.0000000000021,0.0,1,0,0,0.0
67.0,268.0000000000019,0.0,1,0,0,0.0
68.0,272.00000000000165,0.0,1,0,0,0.0
69.0,276.0000000000014,0.0,1,0,0,0.0
70.0,280.0000000000012,0.0,1,0,0,0.0
71.0,284.00000000000097,0.0,1,0,0,0.0
72.0,288.00000000000074,0.0,1,0,0,0.0
73.0,292.0000000000005,0.0,1,0,0,0.0
74.0,296.0000000000003,0.0,1,0,0,0.0
75.0,300.00000000000006,0.0,1,0,0,0.0
76.0,303.99999999999983,0.0,1,0,0,0.0
77.0,307.9999999999996,0.0,1,0,0,0.0
78.0,311.9999999999994,0.0,1,0,0,0.0
79.0,315.99999999999915,0.0,1,0,0,0.0
80.0,319.9999999999989,0.0,1,0,0,0.0
81.0,323.9999999999987,0.0,1,0,0,0.0
82.0,327.99999999999847,0.0,1,0,0,0.0
83.0,331.99999999999824,0.0,1,0,0,0.0
84.0,335.999999999998,0.0,1,0,0,0.0
85.0,339.9999999999978,0.0,1,0,0,0.0
86.0,343.99999999999756,0.0,1,0,0,0.0
87.0,347.9999999999973,0.0,1,0,0,0.0
88.0,351.9999999999971,0.0,1,0,0,0.0
89.0,355.9999999999969,0.0,1,0,0,0.0
90.0,359.99999999999665,0.0,1,0,0,0.0
91.0,363.9999999999964,0.0,1,0,0,0.0
92.0,367.9999999999962,0.0,1,0,0,0.0
93.0,371.99999999999596,0.0,1,0,0,0.0
94.0,375.99999999999574,0.0,1,0,0,0.0
95.0,379.9999999999955,0.0,1,0,0,0.0
96.0,383.9999999999953,0.0,1,0,0,0.0
97.0,387.99999999999505,0.0,1,0,0,0.0
98.0,391.9999999999948,0.0,1,0,0,0.0
99.0,395.9999999999946,0.0,1,0,0,0.0
100.0,399.9999999999944,0.0,1,0,0,0.0
101.0,401.2999999999943,2.7,1,1,0,2.7
102.0,402.5999999999943,5.399999999999999,1,1,0,2.7
103.0,403.89999999999424,8.099999999999994,1,1,0,2.7
104.0,405.1999999999942,10.79999999999999,1,1,0,2.7
105.0,406.49999999999415,13.499999999999986,1,1,0,2.7
106.0,407.7999999999941,16.19999999999998,1,1,0,2.7
107.0,409.09999999999405,18.899999999999977,1,1,0,2.7
108.0,410.399999999994,21.599999999999973,1,1,0,2.7
109.0,411.69999999999396,24.29999999999997,1,1,0,2.7
110.0,412.9999999999939,26.999999999999964,1,1,0,2.7
111.0,414.2999999999939,29.69999999999996,1,1,0,2.7
112.0,415.5999999999938,32.39999999999996,1,1,0,2.7
113.0,416.8999999999938,35.099999999999994,1,1,0,2.7
114.0,418.19999999999374,37.800000000000026,1,1,0,2.7
115.0,419.4999999999937,40.50000000000006,1,1,0,2.7
116.0,420.79999999999364,43.20000000000009,1,1,0,2.7
117.0,422.0999999999936,45.90000000000012,1,1,0,2.7
118.0,423.39999999999355,48.60000000000015,1,1,0,2.7
119.0,424.6999999999935,51.30000000000018,1,1,0,2.7
120.0,425.99999999999346,54.00000000000021,1,1,0,2.7
121.0,427.2999999999934,56.700000000000244,1,1,0,2.7
122.0,428.5999999999934,59.400000000000276,1,1,0,2.7
123.0,429.8999999999933,62.10000000000031,1,1,0,2.7
124.0,431.1999999999933,64.80000000000032,1,1,0,2.7
125.0,432.49999999999324,67.50000000000028,1,1,0,2.7
126.0,433.7999999999932,70.20000000000024,1,1,0,2.7
127.0,435.09999999999314,72.9000000000002,1,1,0,2.7
128.0,436.3999999999931,75.60000000000016,1,1,0,2.7
129.0,437.69999999999305,78.30000000000013,1,1,0,2.7
130.0,438.999999999993,81.00000000000009,1,1,0,2.7
131.0,440.29999999999296,83.70000000000005,1,1,0,2.7
132.0,441.5999999999929,86.4,1,1,0,2.7
133.0,442.8999999999929,89.09999999999997,1,1,0,2.7
134.0,444.1999999999928,91.79999999999993,1,1,0,2.7
135.0,445.4999999999928,94.49999999999989,1,1,0,2.7
136.0,446.79999999999274,97.19999999999985,1,1,0,2.7
137.0,448.0999999999927,99.8999999999998,1,1,0,2.7
138.0,449.39999999999264,102.59999999999977,1,1,0,2.7
139.0,450.6999999999926,105.29999999999973,1,1,0,2.7
140.0,451.99999999999255,107.99999999999969,1,1,0,2.7
141.0,453.2999999999925,110.69999999999965,1,1,0,2.7
142.0,454.59999999999246,113.39999999999961,1,1,0,2.7
143.0,455.8999999999924,116.09999999999957,1,1,0,2.7
144.0,457.1999999999924,118.79999999999953,1,1,0,2.7
145.0,458.4999999999923,121.49999999999949,1,1,0,2.7
146.0,459.7999999999923,124.19999999999945,1,1,0,2.7
147.0,461.09999999999224,126.89999999999941,1,1,0,2.7
148.0,462.3999999999922,129.59999999999945,1,1,0,2.7
149.0,463.69999999999214,132.29999999999956,1,1,0,2.7
150.0,464.9999999999921,134.99999999999966,1,1,0,2.7
151.0,466.29999999999205,137.69999999999976,1,1,0,2.7
152.0,467.599999999992,140.39999999999986,1,1,0,2.7
153.0,468.89999999999196,143.09999999999997,1,1,0,2.7
154.0,470.1999999999919,145.80000000000007,1,1,0,2.7
155.0,471.49999999999187,148.50000000000017,1,1,0,2.7
156.0,472.7999999999918,151.20000000000027,1,1,0,2.7
157.0,474.0999999999918,153.90000000000038,1,1,0,2.7
158.0,475.39999999999173,156.60000000000048,1,1,0,2.7
159.0,476.6999999999917,159.30000000000058,1,1,0,2.7
160.0,477.99999999999164,162.00000000000068,1,1,0,2.7
161.0,479.2999999999916,164.70000000000078,1,1,0,2.7
162.0,480.59999999999155,167.4000000000009,1,1,0,2.7
163.0,481.8999999999915,170.100000000001,1,1,0,2.7
164.0,483.19999999999146,172.8000000000011,1,1,0,2.7
165.0,484.4999999999914,175.5000000000012,1,1,0,2.7
166.0,485.79999999999137,178.2000000000013,1,1,0,2.7
167.0,487.0999999999913,180.9000000000014,1,1,0,2.7
168.0,488.3999999999913,183.6000000000015,1,1,0,2.7
169.0,489.69999999999123,186.3000000000016,1,1,0,2.7
170.0,490.9999999999912,189.0000000000017,1,1,0,2.7
171.0,492.29999999999114,191.7000000000018,1,1,0,2.7
172.0,493.5999999999911,194.4000000000019,1,1,0,2.7
173.0,494.89999999999105,197.100000000002,1,1,0,2.7
174.0,496.199999999991,199.80000000000211,1,1,0,2.7
175.0,497.49999999999096,202.50000000000222,1,1,0,2.7
176.0,498.7999999999909,205.20000000000232,1,1,0,2.7
177.0,500.0,207.90000000000242,1,1,0,2.7
178.0,500.0,210.60000000000252,1,1,0,2.7
179.0,500.0,213.30000000000263,1,1,0,2.7
180.0,500.0,216.00000000000273,1,1,0,2.7
181.0,500.0,218.70000000000283,1,1,0,2.7
182.0,500.0,221.40000000000293,1,1,0,2.7
183.0,500.0,224.10000000000304,1,1,0,2.7
184.0,500.0,226.80000000000314,1,1,0,2.7
185.0,500.0,229.50000000000324,1,1,0,2.7
186.0,500.0,232.20000000000334,1,1,0,2.7
187.0,500.0,234.90000000000344,1,1,0,2.7
188.0,500.0,237.60000000000355,1,1,0,2.7
189.0,500.0,240.30000000000365,1,1,0,2.7
190.0,500.0,243.00000000000375,1,1,0,2.7
191.0,500.0,245.70000000000385,1,1,0,2.7
192.0,500.0,248.40000000000396,1,1,0,2.7
193.0,500.0,251.10000000000406,1,1,0,2.7
194.0,500.0,253.80000000000416,1,1,0,2.7
195.0,500.0,256.5000000000042,1,1,0,2.7
196.0,500.0,259.200000000004,1,1,0,2.7
197.0,500.0,261.90000000000384,1,1,0,2.7
198.0,500.0,264.60000000000366,1,1,0,2.7
199.0,500.0,267.3000000000035,1,1,0,2.7
200.0,500.0,270.0000000000033,1,1,0,2.7
201.0,497.3000000000002,269.6000000000031,0,1,1,2.7
202.0,494.60000000000036,269.2000000000029,0,1,1,2.7
203.0,491.90000000000055,268.8000000000027,0,1,1,2.7
204.0,489.2000000000007,268.4000000000025,0,1,1,2.7
205.0,486.5000000000009,268.0000000000023,0,1,1,2.7
206.0,483.8000000000011,267.60000000000207,0,1,1,2.7
207.0,481.1000000000013,267.20000000000186,0,1,1,2.7
208.0,478.40000000000146,266.80000000000166,0,1,1,2.7
209.0,475.70000000000164,266.40000000000146,0,1,1,2.7
210.0,473.0000000000018,266.00000000000125,0,1,1,2.7
211.0,470.300000000002,265.60000000000105,0,1,1,2.7
212.0,467.6000000000022,265.20000000000084,0,1,1,2.7
213.0,464.90000000000236,264.80000000000064,0,1,1,2.7
214.0,462.20000000000255,264.40000000000043,0,1,1,2.7
215.0,459.50000000000273,264.0000000000002,0,1,1,2.7
216.0,456.8000000000029,263.6,0,1,1,2.7
217.0,454.1000000000031,263.1999999999998,0,1,1,2.7
218.0,451.4000000000033,262.7999999999996,0,1,1,2.7
219.0,448.70000000000346,262.3999999999994,0,1,1,2.7
220.0,446.00000000000364,261.9999999999992,0,1,1,2.7
221.0,443.3000000000038,261.599999999999,0,1,1,2.7
222.0,440.600000000004,261.1999999999988,0,1,1,2.7
223.0,437.9000000000042,260.7999999999986,0,1,1,2.7
224.0,435.20000000000437,260.3999999999984,0,1,1,2.7
225.0,432.50000000000455,259.9999999999982,0,1,1,2.7
226.0,429.80000000000473,259.599999999998,0,1,1,2.7
227.0,427.1000000000049,259.1999999999978,0,1,1,2.7
228.0,424.4000000000051,258.79999999999757,0,1,1,2.7
229.0,421.7000000000053,258.39999999999736,0,1,1,2.7
230.0,419.00000000000546,257.99999999999716,0,1,1,2.7
231.0,416.30000000000564,257.59999999999695,0,1,1,2.7
232.0,413.6000000000058,257.19999999999675,0,1,1,2.7
233.0,410.900000000006,256.79999999999654,0,1,1,2.7
234.0,408.2000000000062,256.39999999999634,0,1,1,2.7
235.0,405.50000000000637,255.99999999999616,0,1,1,2.7
236.0,402.80000000000655,255.59999999999624,0,1,1,2.7
237.0,400.10000000000673,255.19999999999632,0,1,1,2.7
238.0,397.4000000000069,254.7999999999964,0,1,1,2.7
239.0,394.7000000000071,254.39999999999648,0,1,1,2.7
240.0,392.0000000000073,253.99999999999656,0,1,1,2.7
241.0,389.30000000000746,253.59999999999664,0,1,1,2.7
242.0,386.60000000000764,253.19999999999672,0,1,1,2.7
243.0,383.9000000000078,252.7999999999968,0,1,1,2.7
244.0,381.200000000008,252.39999999999688,0,1,1,2.7
245.0,378.5000000000082,251.99999999999696,0,1,1,2.7
246.0,375.80000000000837,251.59999999999704,0,1,1,2.7
247.0,373.10000000000855,251.19999999999712,0,1,1,2.7
248.0,370.40000000000873,250.7999999999972,0,1,1,2.7
249.0,367.7000000000089,250.39999999999728,0,1,1,2.7
250.0,365.0000000000091,249.99999999999736,0,1,1,2.7
251.0,362.3000000000093,249.59999999999744,0,1,1,2.7
252.0,359.60000000000946,249.19999999999752,0,1,1,2.7
253.0,356.90000000000964,248.7999999999976,0,1,1,2.7
254.0,354.2000000000098,248.39999999999768,0,1,1,2.7
255.0,351.50000000001,247.99999999999775,0,1,1,2.7
256.0,348.8000000000102,247.59999999999783,0,1,1,2.7
257.0,346.10000000001037,247.1999999999979,0,1,1,2.7
258.0,343.40000000001055,246.799999999998,0,1,1,2.7
259.0,340.70000000001073,246.39999999999807,0,1,1,2.7
260.0,338.0000000000109,245.99999999999815,0,1,1,2.7
261.0,335.3000000000111,245.59999999999823,0,1,1,2.7
262.0,332.6000000000113,245.1999999999983,0,1,1,2.7
263.0,329.90000000001146,244.7999999999984,0,1,1,2.7
264.0,327.20000000001164,244.39999999999847,0,1,1,2.7
265.0,324.5000000000118,243.99999999999855,0,1,1,2.7
266.0,321.800000000012,243.59999999999863,0,1,1,2.7
267.0,319.1000000000122,243.1999999999987,0,1,1,2.7
268.0,316.40000000001237,242.7999999999988,0,1,1,2.7
269.0,313.70000000001255,242.39999999999887,0,1,1,2.7
270.0,311.00000000001273,241.99999999999895,0,1,1,2.7
271.0,308.3000000000129,241.59999999999903,0,1,1,2.7
272.0,305.6000000000131,241.1999999999991,0,1,1,2.7
273.0,302.9000000000133,240.7999999999992,0,1,1,2.7
274.0,300.20000000001346,240.39999999999927,0,1,1,2.7
275.0,297.50000000001364,239.99999999999935,0,1,1,2.7
276.0,294.8000000000138,239.59999999999943,0,1,1,2.7
277.0,292.100000000014,239.1999999999995,0,1,1,2.7
278.0,289.4000000000142,238.79999999999959,0,1,1,2.7
279.0,286.70000000001437,238.39999999999966,0,1,1,2.7
280.0,284.00000000001455,237.99999999999974,0,1,1,2.7
281.0,281.30000000001473,237.59999999999982,0,1,1,2.7
282.0,278.6000000000149,237.1999999999999,0,1,1,2.7
283.0,275.9000000000151,236.79999999999998,0,1,1,2.7
284.0,273.2000000000153,236.40000000000006,0,1,1,2.7
285.0,270.50000000001546,236.00000000000014,0,1,1,2.7
286.0,267.80000000001564,235.60000000000022,0,1,1,2.7
287.0,265.1000000000158,235.2000000000003,0,1,1,2.7
288.0,262.400000000016,234.80000000000038,0,1,1,2.7
289.0,259.7000000000162,234.40000000000046,0,1,1,2.7
290.0,257.00000000001637,234.00000000000054,0,1,1,2.7
291.0,254.30000000001635,233.60000000000062,0,1,1,2.7
292.0,251.60000000001625,233.2000000000007,0,1,1,2.7
293.0,248.90000000001615,232.80000000000078,0,1,1,2.7
294.0,246.20000000001605,232.40000000000086,0,1,1,2.7
295.0,243.50000000001594,232.00000000000094,0,1,1,2.7
296.0,240.80000000001584,231.60000000000102,0,1,1,2.7
297.0,238.10000000001574,231.2000000000011,0,1,1,2.7
298.0,235.40000000001564,230.80000000000118,0,1,1,2.7
299.0,232.70000000001554,230.40000000000126,0,1,1,2.7
300.0,230.00000000001543,230.00000000000134,0,1,1,2.7
301.0,227.30000000001533,229.60000000000142,0,1,1,2.7
302.0,224.60000000001523,229.2000000000015,0,1,1,2.7
303.0,221.90000000001513,228.80000000000157,0,1,1,2.7
304.0,219.20000000001502,228.40000000000165,0,1,1,2.7
305.0,216.50000000001492,228.00000000000173,0,1,1,2.7
306.0,213.80000000001482,227.6000000000018,0,1,1,2.7
307.0,211.10000000001472,227.2000000000019,0,1,1,2.7
308.0,208.40000000001461,226.80000000000197,0,1,1,2.7
309.0,205.7000000000145,226.40000000000205,0,1,1,2.7
310.0,203.0000000000144,226.00000000000213,0,1,1,2.7
311.0,200.3000000000143,225.6000000000022,0,1,1,2.7
312.0,197.6000000000142,225.2000000000023,0,1,1,2.7
313.0,194.9000000000141,224.80000000000237,0,1,1,2.7
314.0,192.200000000014,224.40000000000245,0,1,1,2.7
315.0,189.5000000000139,224.00000000000253,0,1,1,2.7
316.0,186.8000000000138,223.6000000000026,0,1,1,2.7
317.0,184.1000000000137,223.2000000000027,0,1,1,2.7
318.0,181.4000000000136,222.80000000000277,0,1,1,2.7
319.0,178.7000000000135,222.40000000000285,0,1,1,2.7
320.0,176.0000000000134,222.00000000000293,0,1,1,2.7
321.0,173.30000000001328,221.600000000003,0,1,1,2.7
322.0,170.60000000001318,221.2000000000031,0,1,1,2.7
323.0,167.90000000001308,220.80000000000317,0,1,1,2.7
324.0,165.20000000001298,220.40000000000325,0,1,1,2.7
325.0,162.50000000001288,220.00000000000333,0,1,1,2.7
326.0,159.80000000001277,219.6000000000034,0,1,1,2.7
327.0,157.10000000001267,219.20000000000348,0,1,1,2.7
328.0,154.40000000001257,218.80000000000356,0,1,1,2.7
329.0,151.70000000001247,218.40000000000364,0,1,1,2.7
330.0,149.00000000001236,218.00000000000372,0,1,1,2.7
331.0,146.30000000001226,217.6000000000038,0,1,1,2.7
332.0,143.60000000001216,217.20000000000388,0,1,1,2.7
333.0,140.90000000001206,216.80000000000396,0,1,1,2.7
334.0,138.20000000001195,216.40000000000404,0,1,1,2.7
335.0,135.50000000001185,216.00000000000412,0,1,1,2.7
336.0,132.80000000001175,215.6000000000042,0,1,1,2.7
337.0,130.10000000001165,215.20000000000428,0,1,1,2.7
338.0,127.40000000001159,214.80000000000436,0,1,1,2.7
339.0,124.70000000001163,214.40000000000444,0,1,1,2.7
340.0,122.00000000001167,214.00000000000452,0,1,1,2.7
341.0,119.3000000000117,213.6000000000046,0,1,1,2.7
342.0,116.60000000001175,213.20000000000468,0,1,1,2.7
343.0,113.90000000001179,212.80000000000476,0,1,1,2.7
344.0,111.20000000001183,212.40000000000484,0,1,1,2.7
345.0,108.50000000001187,212.00000000000492,0,1,1,2.7
346.0,105.8000000000119,211.600000000005,0,1,1,2.7
347.0,103.10000000001195,211.20000000000508,0,1,1,2.7
348.0,100.40000000001199,210.80000000000516,0,1,1,2.7
349.0,97.70000000001203,210.40000000000524,0,1,1,2.7
350.0,95.00000000001207,210.00000000000531,0,1,1,2.7
351.0,92.3000000000121,209.6000000000054,0,1,1,2.7
352.0,89.60000000001214,209.20000000000547,0,1,1,2.7
353.0,86.90000000001218,208.80000000000555,0,1,1,2.7
354.0,84.20000000001222,208.40000000000563,0,1,1,2.7
355.0,81.50000000001226,208.0000000000057,0,1,1,2.7
356.0,78.8000000000123,207.6000000000058,0,1,1,2.7
357.0,76.10000000001234,207.20000000000587,0,1,1,2.7
358.0,73.40000000001238,206.80000000000595,0,1,1,2.7
359.0,70.70000000001242,206.40000000000603,0,1,1,2.7
360.0,68.00000000001246,206.0000000000061,0,1,1,2.7
361.0,65.3000000000125,205.6000000000062,0,1,1,2.7
362.0,62.6000000000125,205.20000000000627,0,1,1,2.7
363.0,59.90000000001247,204.80000000000635,0,1,1,2.7
364.0,57.20000000001244,204.40000000000643,0,1,1,2.7
365.0,54.500000000012406,204.0000000000065,0,1,1,2.7
366.0,51.800000000012375,203.6000000000066,0,1,1,2.7
367.0,49.10000000001234,203.20000000000667,0,1,1,2.7
368.0,46.40000000001231,202.80000000000675,0,1,1,2.7
369.0,43.70000000001228,202.40000000000683,0,1,1,2.7
370.0,41.00000000001225,202.0000000000069,0,1,1,2.7
371.0,38.30000000001222,201.600000000007,0,1,1,2.7
372.0,35.60000000001219,201.20000000000707,0,1,1,2.7
373.0,32.900000000012156,200.80000000000715,0,1,1,2.7
374.0,30.20000000001215,200.40000000000722,0,1,1,2.7
375.0,27.500000000012154,200.0000000000073,0,1,1,2.7
376.0,24.800000000012158,199.60000000000738,0,1,1,2.7
377.0,22.100000000012162,199.20000000000746,0,1,1,2.7
378.0,19.400000000012167,198.80000000000754,0,1,1,2.7
379.0,16.70000000001217,198.40000000000762,0,1,1,2.7
380.0,14.000000000012175,198.0000000000077,0,1,1,2.7
381.0,11.30000000001218,197.60000000000778,0,1,1,2.7
382.0,8.600000000012184,197.20000000000786,0,1,1,2.7
383.0,5.900000000012188,196.80000000000794,0,1,1,2.7
384.0,3.200000000012191,196.40000000000802,0,1,1,2.7
385.0,0.5000000000121907,196.0000000000081,0,1,1,2.7
386.0,0.0,193.4000000000204,0,1,1,0.5000000000121907
387.0,0.0,190.3000000000204,0,1,1,0.0
388.0,0.0,187.20000000002037,0,1,1,0.0
389.0,0.0,184.10000000002034,0,1,1,0.0
390.0,0.0,181.00000000002032,0,1,1,0.0
391.0,0.0,177.9000000000203,0,1,1,0.0
392.0,0.0,174.80000000002028,0,1,1,0.0
393.0,0.0,171.70000000002025,0,1,1,0.0
394.0,0.0,168.60000000002023,0,1,1,0.0
395.0,0.0,165.5000000000202,0,1,1,0.0
396.0,0.0,162.40000000002019,0,1,1,0.0
397.0,0.0,159.30000000002016,0,1,1,0.0
398.0,0.0,156.20000000002014,0,1,1,0.0
399.0,0.0,153.10000000002012,0,1,1,0.0
400.0,0.0,150.0000000000201,0,1,1,0.0
401.0,0.0,146.90000000002007,0,1,1,0.0
402.0,0.0,143.80000000002005,0,1,1,0.0
403.0,0.0,140.70000000002003,0,1,1,0.0
404.0,0.0,137.60000000002,0,1,1,0.0
405.0,0.0,134.50000000001998,0,1,1,0.0
406.0,0.0,131.40000000001996,0,1,1,0.0
407.0,0.0,128.30000000001993,0,1,1,0.0
408.0,0.0,125.20000000001991,0,1,1,0.0
409.0,0.0,122.10000000001989,0,1,1,0.0
410.0,0.0,119.00000000001987,0,1,1,0.0
411.0,0.0,115.90000000001984,0,1,1,0.0
412.0,0.0,112.80000000001982,0,1,1,0.0
413.0,0.0,109.7000000000198,0,1,1,0.0
414.0,0.0,106.60000000001978,0,1,1,0.0
415.0,0.0,103.50000000001975,0,1,1,0.0
416.0,0.0,100.40000000001973,0,1,1,0.0
417.0,0.0,97.30000000001971,0,1,1,0.0
418.0,0.0,94.20000000001968,0,1,1,0.0
419.0,0.0,91.10000000001966,0,1,1,0.0
420.0,0.0,88.00000000001964,0,1,1,0.0
421.0,0.0,84.90000000001962,0,1,1,0.0
422.0,0.0,81.8000000000196,0,1,1,0.0
423.0,0.0,78.70000000001957,0,1,1,0.0
424.0,0.0,75.60000000001955,0,1,1,0.0
425.0,0.0,72.50000000001953,0,1,1,0.0
426.0,0.0,69.4000000000195,0,1,1,0.0
427.0,0.0,66.30000000001948,0,1,1,0.0
428.0,0.0,63.20000000001946,0,1,1,0.0
429.0,0.0,60.100000000019435,0,1,1,0.0
430.0,0.0,57.00000000001941,0,1,1,0.0
431.0,0.0,53.90000000001939,0,1,1,0.0
432.0,0.0,50.80000000001937,0,1,1,0.0
433.0,0.0,47.700000000019344,0,1,1,0.0
434.0,0.0,44.60000000001932,0,1,1,0.0
435.0,0.0,41.5000000000193,0,1,1,0.0
436.0,0.0,38.400000000019276,0,1,1,0.0
437.0,0.0,35.30000000001925,0,1,1,0.0
438.0,0.0,32.20000000001923,0,1,1,0.0
439.0,0.0,29.100000000019243,0,1,1,0.0
440.0,0.0,26.000000000019256,0,1,1,0.0
441.0,0.0,22.90000000001927,0,1,1,0.0
442.0,0.0,19.80000000001928,0,1,1,0.0
443.0,0.0,16.700000000019294,0,1,1,0.0
444.0,0.0,13.600000000019293,0,1,1,0.0
445.0,0.0,10.500000000019288,0,1,1,0.0
446.0,0.0,7.400000000019283,0,1,1,0.0
447.0,0.0,4.300000000019278,0,1,1,0.0
448.0,0.0,1.2000000000192772,0,1,1,0.0
449.0,0.0,0.0,0,1,1,0.0
450.0,0.0,0.0,0,1,1,0.0
451.0,0.0,0.0,0,1,1,0.0
452.0,0.0,0.0,0,1,1,0.0
453.0,0.0,0.0,0,1,1,0.0
454.0,0.0,0.0,0,1,1,0.0
455.0,0.0,0.0,0,1,1,0.0
456.0,0.0,0.0,0,1,1,0.0
457.0,0.0,0.0,0,1,1,0.0
458.0,0.0,0.0,0,1,1,0.0
459.0,0.0,0.0,0,1,1,0.0
460.0,0.0,0.0,0,1,1,0.0
461.0,0.0,0.0,0,1,1,0.0
462.0,0.0,0.0,0,1,1,0.0
463.0,0.0,0.0,0,1,1,0.0
464.0,0.0,0.0,0,1,1,0.0
465.0,0.0,0.0,0,1,1,0.0
466.0,0.0,0.0,0,1,1,0.0
467.0,0.0,0.0,0,1,1,0.0
468.0,0.0,0.0,0,1,1,0.0
469.0,0.0,0.0,0,1,1,0.0
470.0,0.0,0.0,0,1,1,0.0
471.0,0.0,0.0,0,1,1,0.0
472.0,0.0,0.0,0,1,1,0.0
473.0,0.0,0.0,0,1,1,0.0
474.0,0.0,0.0,0,1,1,0.0
475.0,0.0,0.0,0,1,1,0.0
476.0,0.0,0.0,0,1,1,0.0
477.0,0.0,0.0,0,1,1,0.0
478.0,0.0,0.0,0,1,1,0.0
479.0,0.0,0.0,0,1,1,0.0
480.0,0.0,0.0,0,1,1,0.0
481.0,0.0,0.0,0,1,1,0.0
482.0,0.0,0.0,0,1,1,0.0
483.0,0.0,0.0,0,1,1,0.0
484.0,0.0,0.0,0,1,1,0.0
485.0,0.0,0.0,0,1,1,0.0
486.0,0.0,0.0,0,1,1,0.0
487.0,0.0,0.0,0,1,1,0.0
488.0,0.0,0.0,0,1,1,0.0
489.0,0.0,0.0,0,1,1,0.0
490.0,0.0,0.0,0,1,1,0.0
491.0,0.0,0.0,0,1,1,0.0
492.0,0.0,0.0,0,1,1,0.0
493.0,0.0,0.0,0,1,1,0.0
494.0,0.0,0.0,0,1,1,0.0
495.0,0.0,0.0,0,1,1,0.0
496.0,0.0,0.0,0,1,1,0.0
497.0,0.0,0.0,0,1,1,0.0
498.0,0.0,0.0,0,1,1,0.0
499.0,0.0,0.0,0,1,1,0.0
500.0,0.0,0.0,0,1,1,0.0
501.0,0.0,0.0,0,1,1,0.0
502.0,0.0,0.0,0,1,1,0.0
503.0,0.0,0.0,0,1,1,0.0
504.0,0.0,0.0,0,1,1,0.0
505.0,0.0,0.0,0,1,1,0.0
506.0,0.0,0.0,0,1,1,0.0
507.0,0.0,0.0,0,1,1,0.0
508.0,0.0,0.0,0,1,1,0.0
509.0,0.0,0.0,0,1,1,0.0
510.0,0.0,0.0,0,1,1,0.0
511.0,0.0,0.0,0,1,1,0.0
512.0,0.0,0.0,0,1,1,0.0
513.0,0.0,0.0,0,1,1,0.0
514.0,0.0,0.0,0,1,1,0.0
515.0,0.0,0.0,0,1,1,0.0
516.0,0.0,0.0,0,1,1,0.0
517.0,0.0,0.0,0,1,1,0.0
518.0,0.0,0.0,0,1,1,0.0
519.0,0.0,0.0,0,1,1,0.0
520.0,0.0,0.0,0,1,1,0.0
521.0,0.0,0.0,0,1,1,0.0
522.0,0.0,0.0,0,1,1,0.0
523.0,0.0,0.0,0,1,1,0.0
524.0,0.0,0.0,0,1,1,0.0
525.0,0.0,0.0,0,1,1,0.0
526.0,0.0,0.0,0,1,1,0.0
527.0,0.0,0.0,0,1,1,0.0
528.0,0.0,0.0,0,1,1,0.0
529.0,0.0,0.0,0,1,1,0.0
530.0,0.0,0.0,0,1,1,0.0
531.0,0.0,0.0,0,1,1,0.0
532.0,0.0,0.0,0,1,1,0.0
533.0,0.0,0.0,0,1,1,0.0
534.0,0.0,0.0,0,1,1,0.0
535.0,0.0,0.0,0,1,1,0.0
536.0,0.0,0.0,0,1,1,0.0
537.0,0.0,0.0,0,1,1,0.0
538.0,0.0,0.0,0,1,1,0.0
539.0,0.0,0.0,0,1,1,0.0
540.0,0.0,0.0,0,1,1,0.0
541.0,0.0,0.0,0,1,1,0.0
542.0,0.0,0.0,0,1,1,0.0
543.0,0.0,0.0,0,1,1,0.0
544.0,0.0,0.0,0,1,1,0.0
545.0,0.0,0.0,0,1,1,0.0
546.0,0.0,0.0,0,1,1,0.0
547.0,0.0,0.0,0,1,1,0.0
548.0,0.0,0.0,0,1,1,0.0
549.0,0.0,0.0,0,1,1,0.0
550.0,0.0,0.0,0,1,1,0.0
551.0,0.0,0.0,0,1,1,0.0
552.0,0.0,0.0,0,1,1,0.0
553.0,0.0,0.0,0,1,1,0.0
554.0,0.0,0.0,0,1,1,0.0
555.0,0.0,0.0,0,1,1,0.0
556.0,0.0,0.0,0,1,1,0.0
557.0,0.0,0.0,0,1,1,0.0
558.0,0.0,0.0,0,1,1,0.0
559.0,0.0,0.0,0,1,1,0.0
560.0,0.0,0.0,0,1,1,0.0
561.0,0.0,0.0,0,1,1,0.0
562.0,0.0,0.0,0,1,1,0.0
563.0,0.0,0.0,0,1,1,0.0
564.0,0.0,0.0,0,1,1,0.0
565.0,0.0,0.0,0,1,1,0.0
566.0,0.0,0.0,0,1,1,0.0
567.0,0.0,0.0,0,1,1,0.0
568.0,0.0,0.0,0,1,1,0.0
569.0,0.0,0.0,0,1,1,0.0
570.0,0.0,0.0,0,1,1,0.0
571.0,0.0,0.0,0,1,1,0.0
572.0,0.0,0.0,0,1,1,0.0
573.0,0.0,0.0,0,1,1,0.0
574.0,0.0,0.0,0,1,1,0.0
575.0,0.0,0.0,0,1,1,0.0
576.0,0.0,0.0,0,1,1,0.0
577.0,0.0,0.0,0,1,1,0.0
578.0,0.0,0.0,0,1,1,0.0
579.0,0.0,0.0,0,1,1,0.0
580.0,0.0,0.0,0,1,1,0.0
581.0,0.0,0.0,0,1,1,0.0
582.0,0.0,0.0,0,1,1,0.0
583.0,0.0,0.0,0,1,1,0.0
584.0,0.0,0.0,0,1,1,0.0
585.0,0.0,0.0,0,1,1,0.0
586.0,0.0,0.0,0,1,1,0.0
587.0,0.0,0.0,0,1,1,0.0
588.0,0.0,0.0,0,1,1,0.0
589.0,0.0,0.0,0,1,1,0.0
590.0,0.0,0.0,0,1,1,0.0
591.0,0.0,0.0,0,1,1,0.0
592.0,0.0,0.0,0,1,1,0.0
593.0,0.0,0.0,0,1,1,0.0
594.0,0.0,0.0,0,1,1,0.0
595.0,0.0,0.0,0,1,1,0.0
596.0,0.0,0.0,0,1,1,0.0
597.0,0.0,0.0,0,1,1,0.0
598.0,0.0,0.0,0,1,1,0.0
599.0,0.0,0.0,0,1,1,0.0
600.0,0.0,0.0,0,1,1,0.0
601.0,0.0,0.0,0,1,1,0.0
602.0,0.0,0.0,0,1,1,0.0
603.0,0.0,0.0,0,1,1,0.0
604.0,0.0,0.0,0,1,1,0.0
605.0,0.0,0.0,0,1,1,0.0
606.0,0.0,0.0,0,1,1,0.0
607.0,0.0,0.0,0,1,1,0.0
608.0,0.0,0.0,0,1,1,0.0
609.0,0.0,0.0,0,1,1,0.0
610.0,0.0,0.0,0,1,1,0.0
611.0,0.0,0.0,0,1,1,0.0
612.0,0.0,0.0,0,1,1,0.0
613.0,0.0,0.0,0,1,1,0.0
614.0,0.0,0.0,0,1,1,0.0
615.0,0.0,0.0,0,1,1,0.0
616.0,0.0,0.0,0,1,1,0.0
617.0,0.0,0.0,0,1,1,0.0
618.0,0.0,0.0,0,1,1,0.0
619.0,0.0,0.0,0,1,1,0.0
620.0,0.0,0.0,0,1,1,0.0
621.0,0.0,0.0,0,1,1,0.0
622.0,0.0,0.0,0,1,1,0.0
623.0,0.0,0.0,0,1,1,0.0
624.0,0.0,0.0,0,1,1,0.0
625.0,0.0,0.0,0,1,1,0.0
626.0,0.0,0.0,0,1,1,0.0
627.0,0.0,0.0,0,1,1,0.0
628.0,0.0,0.0,0,1,1,0.0
629.0,0.0,0.0,0,1,1,0.0
630.0,0.0,0.0,0,1,1,0.0
631.0,0.0,0.0,0,1,1,0.0
632.0,0.0,0.0,0,1,1,0.0
633.0,0.0,0.0,0,1,1,0.0
634.0,0.0,0.0,0,1,1,0.0
635.0,0.0,0.0,0,1,1,0.0
636.0,0.0,0.0,0,1,1,0.0
637.0,0.0,0.0,0,1,1,0.0
638.0,0.0,0.0,0,1,1,0.0
639.0,0.0,0.0,0,1,1,0.0
640.0,0.0,0.0,0,1,1,0.0
641.0,0.0,0.0,0,1,1,0.0
642.0,0.0,0.0,0,1,1,0.0
643.0,0.0,0.0,0,1,1,0.0
644.0,0.0,0.0,0,1,1,0.0
645.0,0.0,0.0,0,1,1,0.0
646.0,0.0,0.0,0,1,1,0.0
647.0,0.0,0.0,0,1,1,0.0
648.0,0.0,0.0,0,1,1,0.0
649.0,0.0,0.0,0,1,1,0.0
650.0,0.0,0.0,0,1,1,0.0
651.0,0.0,0.0,0,1,1,0.0
652.0,0.0,0.0,0,1,1,0.0
653.0,0.0,0.0,0,1,1,0.0
654.0,0.0,0.0,0,1,1,0.0
655.0,0.0,0.0,0,1,1,0.0
656.0,0.0,0.0,0,1,1,0.0
657.0,0.0,0.0,0,1,1,0.0
658.0,0.0,0.0,0,1,1,0.0
659.0,0.0,0.0,0,1,1,0.0
660.0,0.0,0.0,0,1,1,0.0
661.0,0.0,0.0,0,1,1,0.0
662.0,0.0,0.0,0,1,1,0.0
663.0,0.0,0.0,0,1,1,0.0
664.0,0.0,0.0,0,1,1,0.0
665.0,0.0,0.0,0,1,1,0.0
666.0,0.0,0.0,0,1,1,0.0
667.0,0.0,0.0,0,1,1,0.0
668.0,0.0,0.0,0,1,1,0.0
669.0,0.0,0.0,0,1,1,0.0
670.0,0.0,0.0,0,1,1,0.0
671.0,0.0,0.0,0,1,1,0.0
672.0,0.0,0.0,0,1,1,0.0
673.0,0.0,0.0,0,1,1,0.0
674.0,0.0,0.0,0,1,1,0.0
675.0,0.0,0.0,0,1,1,0.0
676.0,0.0,0.0,0,1,1,0.0
677.0,0.0,0.0,0,1,1,0.0
678.0,0.0,0.0,0,1,1,0.0
679.0,0.0,0.0,0,1,1,0.0
680.0,0.0,0.0,0,1,1,0.0
681.0,0.0,0.0,0,1,1,0.0
682.0,0.0,0.0,0,1,1,0.0
683.0,0.0,0.0,0,1,1,0.0
684.0,0.0,0.0,0,1,1,0.0
685.0,0.0,0.0,0,1,1,0.0
686.0,0.0,0.0,0,1,1,0.0
687.0,0.0,0.0,0,1,1,0.0
688.0,0.0,0.0,0,1,1,0.0
689.0,0.0,0.0,0,1,1,0.0
690.0,0.0,0.0,0,1,1,0.0
691.0,0.0,0.0,0,1,1,0.0
692.0,0.0,0.0,0,1,1,0.0
693.0,0.0,0.0,0,1,1,0.0
694.0,0.0,0.0,0,1,1,0.0
695.0,0.0,0.0,0,1,1,0.0
696.0,0.0,0.0,0,1,1,0.0
697.0,0.0,0.0,0,1,1,0.0
698.0,0.0,0.0,0,1,1,0.0
699.0,0.0,0.0,0,1,1,0.0
700.0,0.0,0.0,0,1,1,0.0
701.0,0.0,0.0,0,1,1,0.0
702.0,0.0,0.0,0,1,1,0.0
703.0,0.0,0.0,0,1,1,0.0
704.0,0.0,0.0,0,1,1,0.0
705.0,0.0,0.0,0,1,1,0.0
706.0,0.0,0.0,0,1,1,0.0
707.0,0.0,0.0,0,1,1,0.0
708.0,0.0,0.0,0,1,1,0.0
709.0,0.0,0.0,0,1,1,0.0
710.0,0.0,0.0,0,1,1,0.0
711.0,0.0,0.0,0,1,1,0.0
712.0,0.0,0.0,0,1,1,0.0
713.0,0.0,0.0,0,1,1,0.0
714.0,0.0,0.0,0,1,1,0.0
715.0,0.0,0.0,0,1,1,0.0
716.0,0.0,0.0,0,1,1,0.0
717.0,0.0,0.0,0,1,1,0.0
718.0,0.0,0.0,0,1,1,0.0
719.0,0.0,0.0,0,1,1,0.0
720.0,0.0,0.0,0,1,1,0.0
721.0,0.0,0.0,0,1,1,0.0
722.0,0.0,0.0,0,1,1,0.0
723.0,0.0,0.0,0,1,1,0.0
724.0,0.0,0.0,0,1,1,0.0
725.0,0.0,0.0,0,1,1,0.0
726.0,0.0,0.0,0,1,1,0.0
727.0,0.0,0.0,0,1,1,0.0
728.0,0.0,0.0,0,1,1,0.0
729.0,0.0,0.0,0,1,1,0.0
730.0,0.0,0.0,0,1,1,0.0
731.0,0.0,0.0,0,1,1,0.0
732.0,0.0,0.0,0,1,1,0.0
733.0,0.0,0.0,0,1,1,0.0
734.0,0.0,0.0,0,1,1,0.0
735.0,0.0,0.0,0,1,1,0.0
736.0,0.0,0.0,0,1,1,0.0
737.0,0.0,0.0,0,1,1,0.0
738.0,0.0,0.0,0,1,1,0.0
739.0,0.0,0.0,0,1,1,0.0
740.0,0.0,0.0,0,1,1,0.0
741.0,0.0,0.0,0,1,1,0.0
742.0,0.0,0.0,0,1,1,0.0
743.0,0.0,0.0,0,1,1,0.0
744.0,0.0,0.0,0,1,1,0.0
745.0,0.0,0.0,0,1,1,0.0
746.0,0.0,0.0,0,1,1,0.0
747.0,0.0,0.0,0,1,1,0.0
748.0,0.0,0.0,0,1,1,0.0
749.0,0.0,0.0,0,1,1,0.0
750.0,0.0,0.0,0,1,1,0.0
751.0,0.0,0.0,0,1,1,0.0
752.0,0.0,0.0,0,1,1,0.0
753.0,0.0,0.0,0,1,1,0.0
754.0,0.0,0.0,0,1,1,0.0
755.0,0.0,0.0,0,1,1,0.0
756.0,0.0,0.0,0,1,1,0.0
757.0,0.0,0.0,0,1,1,0.0
758.0,0.0,0.0,0,1,1,0.0
759.0,0.0,0.0,0,1,1,0.0
760.0,0.0,0.0,0,1,1,0.0
761.0,0.0,0.0,0,1,1,0.0
762.0,0.0,0.0,0,1,1,0.0
763.0,0.0,0.0,0,1,1,0.0
764.0,0.0,0.0,0,1,1,0.0
765.0,0.0,0.0,0,1,1,0.0
766.0,0.0,0.0,0,1,1,0.0
767.0,0.0,0.0,0,1,1,0.0
768.0,0.0,0.0,0,1,1,0.0
769.0,0.0,0.0,0,1,1,0.0
770.0,0.0,0.0,0,1,1,0.0
771.0,0.0,0.0,0,1,1,0.0
772.0,0.0,0.0,0,1,1,0.0
773.0,0.0,0.0,0,1,1,0.0
774.0,0.0,0.0,0,1,1,0.0
775.0,0.0,0.0,0,1,1,0.0
776.0,0.0,0.0,0,1,1,0.0
777.0,0.0,0.0,0,1,1,0.0
778.0,0.0,0.0,0,1,1,0.0
779.0,0.0,0.0,0,1,1,0.0
780.0,0.0,0.0,0,1,1,0.0
781.0,0.0,0.0,0,1,1,0.0
782.0,0.0,0.0,0,1,1,0.0
783.0,0.0,0.0,0,1,1,0.0
784.0,0.0,0.0,0,1,1,0.0
785.0,0.0,0.0,0,1,1,0.0
786.0,0.0,0.0,0,1,1,0.0
787.0,0.0,0.0,0,1,1,0.0
788.0,0.0,0.0,0,1,1,0.0
789.0,0.0,0.0,0,1,1,0.0
790.0,0.0,0.0,0,1,1,0.0
791.0,0.0,0.0,0,1,1,0.0
792.0,0.0,0.0,0,1,1,0.0
793.0,0.0,0.0,0,1,1,0.0
794.0,0.0,0.0,0,1,1,0.0
795.0,0.0,0.0,0,1,1,0.0
796.0,0.0,0.0,0,1,1,0.0
797.0,0.0,0.0,0,1,1,0.0
798.0,0.0,0.0,0,1,1,0.0
799.0,0.0,0.0,0,1,1,0.0
800.0,0.0,0.0,0,1,1,0.0
801.0,0.0,0.0,0,1,1,0.0
802.0,0.0,0.0,0,1,1,0.0
803.0,0.0,0.0,0,1,1,0.0
804.0,0.0,0.0,0,1,1,0.0
805.0,0.0,0.0,0,1,1,0.0
806.0,0.0,0.0,0,1,1,0.0
807.0,0.0,0.0,0,1,1,0.0
808.0,0.0,0.0,0,1,1,0.0
809.0,0.0,0.0,0,1,1,0.0
810.0,0.0,0.0,0,1,1,0.0
811.0,0.0,0.0,0,1,1,0.0
812.0,0.0,0.0,0,1,1,0.0
813.0,0.0,0.0,0,1,1,0.0
814.0,0.0,0.0,0,1,1,0.0
815.0,0.0,0.0,0,1,1,0.0
816.0,0.0,0.0,0,1,1,0.0
817.0,0.0,0.0,0,1,1,0.0
818.0,0.0,0.0,0,1,1,0.0
819.0,0.0,0.0,0,1,1,0.0
820.0,0.0,0.0,0,1,1,0.0
821.0,0.0,0.0,0,1,1,0.0
822.0,0.0,0.0,0,1,1,0.0
823.0,0.0,0.0,0,1,1,0.0
824.0,0.0,0.0,0,1,1,0.0
825.0,0.0,0.0,0,1,1,0.0
826.0,0.0,0.0,0,1,1,0.0
827.0,0.0,0.0,0,1,1,0.0
828.0,0.0,0.0,0,1,1,0.0
829.0,0.0,0.0,0,1,1,0.0
830.0,0.0,0.0,0,1,1,0.0
831.0,0.0,0.0,0,1,1,0.0
832.0,0.0,0.0,0,1,1,0.0
833.0,0.0,0.0,0,1,1,0.0
834.0,0.0,0.0,0,1,1,0.0
835.0,0.0,0.0,0,1,1,0.0
836.0,0.0,0.0,0,1,1,0.0
837.0,0.0,0.0,0,1,1,0.0
838.0,0.0,0.0,0,1,1,0.0
839.0,0.0,0.0,0,1,1,0.0
840.0,0.0,0.0,0,1,1,0.0
841.0,0.0,0.0,0,1,1,0.0
842.0,0.0,0.0,0,1,1,0.0
843.0,0.0,0.0,0,1,1,0.0
844.0,0.0,0.0,0,1,1,0.0
845.0,0.0,0.0,0,1,1,0.0
846.0,0.0,0.0,0,1,1,0.0
847.0,0.0,0.0,0,1,1,0.0
848.0,0.0,0.0,0,1,1,0.0
849.0,0.0,0.0,0,1,1,0.0
850.0,0.0,0.0,0,1,1,0.0
851.0,0.0,0.0,0,1,1,0.0
852.0,0.0,0.0,0,1,1,0.0
853.0,0.0,0.0,0,1,1,0.0
854.0,0.0,0.0,0,1,1,0.0
855.0,0.0,0.0,0,1,1,0.0
856.0,0.0,0.0,0,1,1,0.0
857.0,0.0,0.0,0,1,1,0.0
858.0,0.0,0.0,0,1,1,0.0
859.0,0.0,0.0,0,1,1,0.0
860.0,0.0,0.0,0,1,1,0.0
861.0,0.0,0.0,0,1,1,0.0
862.0,0.0,0.0,0,1,1,0.0
863.0,0.0,0.0,0,1,1,0.0
864.0,0.0,0.0,0,1,1,0.0
865.0,0.0,0.0,0,1,1,0.0
866.0,0.0,0.0,0,1,1,0.0
867.0,0.0,0.0,0,1,1,0.0
868.0,0.0,0.0,0,1,1,0.0
869.0,0.0,0.0,0,1,1,0.0
870.0,0.0,0.0,0,1,1,0.0
871.0,0.0,0.0,0,1,1,0.0
872.0,0.0,0.0,0,1,1,0.0
873.0,0.0,0.0,0,1,1,0.0
874.0,0.0,0.0,0,1,1,0.0
875.0,0.0,0.0,0,1,1,0.0
876.0,0.0,0.0,0,1,1,0.0
877.0,0.0,0.0,0,1,1,0.0
878.0,0.0,0.0,0,1,1,0.0
879.0,0.0,0.0,0,1,1,0.0
880.0,0.0,0.0,0,1,1,0.0
881.0,0.0,0.0,0,1,1,0.0
882.0,0.0,0.0,0,1,1,0.0
883.0,0.0,0.0,0,1,1,0.0
884.0,0.0,0.0,0,1,1,0.0
885.0,0.0,0.0,0,1,1,0.0
886.0,0.0,0.0,0,1,1,0.0
887.0,0.0,0.0,0,1,1,0.0
888.0,0.0,0.0,0,1,1,0.0
889.0,0.0,0.0,0,1,1,0.0
890.0,0.0,0.0,0,1,1,0.0
891.0,0.0,0.0,0,1,1,0.0
892.0,0.0,0.0,0,1,1,0.0
893.0,0.0,0.0,0,1,1,0.0
894.0,0.0,0.0,0,1,1,0.0
895.0,0.0,0.0,0,1,1,0.0
896.0,0.0,0.0,0,1,1,0.0
897.0,0.0,0.0,0,1,1,0.0
898.0,0.0,0.0,0,1,1,0.0
899.0,0.0,0.0,0,1,1,0.0
900.0,0.0,0.0,0,1,1,0.0
901.0,0.0,0.0,0,1,1,0.0
902.0,0.0,0.0,0,1,1,0.0
903.0,0.0,0.0,0,1,1,0.0
904.0,0.0,0.0,0,1,1,0.0
905.0,0.0,0.0,0,1,1,0.0
906.0,0.0,0.0,0,1,1,0.0
907.0,0.0,0.0,0,1,1,0.0
908.0,0.0,0.0,0,1,1,0.0
909.0,0.0,0.0,0,1,1,0.0
910.0,0.0,0.0,0,1,1,0.0
911.0,0.0,0.0,0,1,1,0.0
912.0,0.0,0.0,0,1,1,0.0
913.0,0.0,0.0,0,1,1,0.0
914.0,0.0,0.0,0,1,1,0.0
915.0,0.0,0.0,0,1,1,0.0
916.0,0.0,0.0,0,1,1,0.0
917.0,0.0,0.0,0,1,1,0.0
918.0,0.0,0.0,0,1,1,0.0
919.0,0.0,0.0,0,1,1,0.0
920.0,0.0,0.0,0,1,1,0.0
921.0,0.0,0.0,0,1,1,0.0
922.0,0.0,0.0,0,1,1,0.0
923.0,0.0,0.0,0,1,1,0.0
924.0,0.0,0.0,0,1,1,0.0
925.0,0.0,0.0,0,1,1,0.0
926.0,0.0,0.0,0,1,1,0.0
927.0,0.0,0.0,0,1,1,0.0
928.0,0.0,0.0,0,1,1,0.0
929.0,0.0,0.0,0,1,1,0.0
930.0,0.0,0.0,0,1,1,0.0
931.0,0.0,0.0,0,1,1,0.0
932.0,0.0,0.0,0,1,1,0.0
933.0,0.0,0.0,0,1,1,0.0
934.0,0.0,0.0,0,1,1,0.0
935.0,0.0,0.0,0,1,1,0.0
936.0,0.0,0.0,0,1,1,0.0
937.0,0.0,0.0,0,1,1,0.0
938.0,0.0,0.0,0,1,1,0.0
939.0,0.0,0.0,0,1,1,0.0
940.0,0.0,0.0,0,1,1,0.0
941.0,0.0,0.0,0,1,1,0.0
942.0,0.0,0.0,0,1,1,0.0
943.0,0.0,0.0,0,1,1,0.0
944.0,0.0,0.0,0,1,1,0.0
945.0,0.0,0.0,0,1,1,0.0
946.0,0.0,0.0,0,1,1,0.0
947.0,0.0,0.0,0,1,1,0.0
948.0,0.0,0.0,0,1,1,0.0
949.0,0.0,0.0,0,1,1,0.0
950.0,0.0,0.0,0,1,1,0.0
951.0,0.0,0.0,0,1,1,0.0
952.0,0.0,0.0,0,1,1,0.0
953.0,0.0,0.0,0,1,1,0.0
954.0,0.0,0.0,0,1,1,0.0
955.0,0.0,0.0,0,1,1,0.0
956.0,0.0,0.0,0,1,1,0.0
957.0,0.0,0.0,0,1,1,0.0
958.0,0.0,0.0,0,1,1,0.0
959.0,0.0,0.0,0,1,1,0.0
960.0,0.0,0.0,0,1,1,0.0
961.0,0.0,0.0,0,1,1,0.0
962.0,0.0,0.0,0,1,1,0.0
963.0,0.0,0.0,0,1,1,0.0
964.0,0.0,0.0,0,1,1,0.0
965.0,0.0,0.0,0,1,1,0.0
966.0,0.0,0.0,0,1,1,0.0
967.0,0.0,0.0,0,1,1,0.0
968.0,0.0,0.0,0,1,1,0.0
969.0,0.0,0.0,0,1,1,0.0
970.0,0.0,0.0,0,1,1,0.0
971.0,0.0,0.0,0,1,1,0.0
972.0,0.0,0.0,0,1,1,0.0
973.0,0.0,0.0,0,1,1,0.0
974.0,0.0,0.0,0,1,1,0.0
975.0,0.0,0.0,0,1,1,0.0
976.0,0.0,0.0,0,1,1,0.0
977.0,0.0,0.0,0,1,1,0.0
978.0,0.0,0.0,0,1,1,0.0
979.0,0.0,0.0,0,1,1,0.0
980.0,0.0,0.0,0,1,1,0.0
981.0,0.0,0.0,0,1,1,0.0
982.0,0.0,0.0,0,1,1,0.0
983.0,0.0,0.0,0,1,1,0.0
984.0,0.0,0.0,0,1,1,0.0
985.0,0.0,0.0,0,1,1,0.0
986.0,0.0,0.0,0,1,1,0.0
987.0,0.0,0.0,0,1,1,0.0
988.0,0.0,0.0,0,1,1,0.0
989.0,0.0,0.0,0,1,1,0.0
990.0,0.0,0.0,0,1,1,0.0
991.0,0.0,0.0,0,1,1,0.0
992.0,0.0,0.0,0,1,1,0.0
993.0,0.0,0.0,0,1,1,0.0
994.0,0.0,0.0,0,1,1,0.0
995.0,0.0,0.0,0,1,1,0.0
996.0,0.0,0.0,0,1,1,0.0
997.0,0.0,0.0,0,1,1,0.0
998.0,0.0,0.0,0,1,1,0.0
999.0,0.0,0.0,0,1,1,0.0
1000.0,0.0,0.0,0,1,1,0.0
1001.0,0.0,0.0,0,1,1,0.0
1002.0,0.0,0.0,0,1,1,0.0
1003.0,0.0,0.0,0,1,1,0.0
1004.0,0.0,0.0,0,1,1,0.0
1005.0,0.0,0.0,0,1,1,0.0
1006.0,0.0,0.0,0,1,1,0.0
1007.0,0.0,0.0,0,1,1,0.0
1008.0,0.0,0.0,0,1,1,0.0
1009.0,0.0,0.0,0,1,1,0.0
1010.0,0.0,0.0,0,1,1,0.0
1011.0,0.0,0.0,0,1,1,0.0
1012.0,0.0,0.0,0,1,1,0.0
1013.0,0.0,0.0,0,1,1,0.0
1014.0,0.0,0.0,0,1,1,0.0
1015.0,0.0,0.0,0,1,1,0.0
1016.0,0.0,0.0,0,1,1,0.0
1017.0,0.0,0.0,0,1,1,0.0
1018.0,0.0,0.0,0,1,1,0.0
1019.0,0.0,0.0,0,1,1,0.0
1020.0,0.0,0.0,0,1,1,0.0
1021.0,0.0,0.0,0,1,1,0.0
1022.0,0.0,0.0,0,1,1,0.0
1023.0,0.0,0.0,0,1,1,0.0
1024.0,0.0,0.0,0,1,1,0.0
1025.0,0.0,0.0,0,1,1,0.0
1026.0,0.0,0.0,0,1,1,0.0
1027.0,0.0,0.0,0,1,1,0.0
1028.0,0.0,0.0,0,1,1,0.0
1029.0,0.0,0.0,0,1,1,0.0
1030.0,0.0,0.0,0,1,1,0.0
1031.0,0.0,0.0,0,1,1,0.0
1032.0,0.0,0.0,0,1,1,0.0
1033.0,0.0,0.0,0,1,1,0.0
1034.0,0.0,0.0,0,1,1,0.0
1035.0,0.0,0.0,0,1,1,0.0
1036.0,0.0,0.0,0,1,1,0.0
1037.0,0.0,0.0,0,1,1,0.0
1038.0,0.0,0.0,0,1,1,0.0
1039.0,0.0,0.0,0,1,1,0.0
1040.0,0.0,0.0,0,1,1,0.0
1041.0,0.0,0.0,0,1,1,0.0
1042.0,0.0,0.0,0,1,1,0.0
1043.0,0.0,0.0,0,1,1,0.0
1044.0,0.0,0.0,0,1,1,0.0
1045.0,0.0,0.0,0,1,1,0.0
1046.0,0.0,0.0,0,1,1,0.0
1047.0,0.0,0.0,0,1,1,0.0
1048.0,0.0,0.0,0,1,1,0.0
1049.0,0.0,0.0,0,1,1,0.0
1050.0,0.0,0.0,0,1,1,0.0
1051.0,0.0,0.0,0,1,1,0.0
1052.0,0.0,0.0,0,1,1,0.0
1053.0,0.0,0.0,0,1,1,0.0
1054.0,0.0,0.0,0,1,1,0.0
1055.0,0.0,0.0,0,1,1,0.0
1056.0,0.0,0.0,0,1,1,0.0
1057.0,0.0,0.0,0,1,1,0.0
1058.0,0.0,0.0,0,1,1,0.0
1059.0,0.0,0.0,0,1,1,0.0
1060.0,0.0,0.0,0,1,1,0.0
1061.0,0.0,0.0,0,1,1,0.0
1062.0,0.0,0.0,0,1,1,0.0
1063.0,0.0,0.0,0,1,1,0.0
1064.0,0.0,0.0,0,1,1,0.0
1065.0,0.0,0.0,0,1,1,0.0
1066.0,0.0,0.0,0,1,1,0.0
1067.0,0.0,0.0,0,1,1,0.0
1068.0,0.0,0.0,0,1,1,0.0
1069.0,0.0,0.0,0,1,1,0.0
1070.0,0.0,0.0,0,1,1,0.0
1071.0,0.0,0.0,0,1,1,0.0
1072.0,0.0,0.0,0,1,1,0.0
1073.0,0.0,0.0,0,1,1,0.0
1074.0,0.0,0.0,0,1,1,0.0
1075.0,0.0,0.0,0,1,1,0.0
1076.0,0.0,0.0,0,1,1,0.0
1077.0,0.0,0.0,0,1,1,0.0
1078.0,0.0,0.0,0,1,1,0.0
1079.0,0.0,0.0,0,1,1,0.0
1080.0,0.0,0.0,0,1,1,0.0
1081.0,0.0,0.0,0,1,1,0.0
1082.0,0.0,0.0,0,1,1,0.0
1083.0,0.0,0.0,0,1,1,0.0
1084.0,0.0,0.0,0,1,1,0.0
1085.0,0.0,0.0,0,1,1,0.0
1086.0,0.0,0.0,0,1,1,0.0
1087.0,0.0,0.0,0,1,1,0.0
1088.0,0.0,0.0,0,1,1,0.0
1089.0,0.0,0.0,0,1,1,0.0
1090.0,0.0,0.0,0,1,1,0.0
1091.0,0.0,0.0,0,1,1,0.0
1092.0,0.0,0.0,0,1,1,0.0
1093.0,0.0,0.0,0,1,1,0.0
1094.0,0.0,0.0,0,1,1,0.0
1095.0,0.0,0.0,0,1,1,0.0
1096.0,0.0,0.0,0,1,1,0.0
1097.0,0.0,0.0,0,1,1,0.0
1098.0,0.0,0.0,0,1,1,0.0
1099.0,0.0,0.0,0,1,1,0.0
1100.0,0.0,0.0,0,1,1,0.0
1101.0,0.0,0.0,0,1,1,0.0
1102.0,0.0,0.0,0,1,1,0.0
1103.0,0.0,0.0,0,1,1,0.0
1104.0,0.0,0.0,0,1,1,0.0
1105.0,0.0,0.0,0,1,1,0.0
1106.0,0.0,0.0,0,1,1,0.0
1107.0,0.0,0.0,0,1,1,0.0
1108.0,0.0,0.0,0,1,1,0.0
1109.0,0.0,0.0,0,1,1,0.0
1110.0,0.0,0.0,0,1,1,0.0
1111.0,0.0,0.0,0,1,1,0.0
1112.0,0.0,0.0,0,1,1,0.0
1113.0,0.0,0.0,0,1,1,0.0
1114.0,0.0,0.0,0,1,1,0.0
1115.0,0.0,0.0,0,1,1,0.0
1116.0,0.0,0.0,0,1,1,0.0
1117.0,0.0,0.0,0,1,1,0.0
1118.0,0.0,0.0,0,1,1,0.0
1119.0,0.0,0.0,0,1,1,0.0
1120.0,0.0,0.0,0,1,1,0.0
1121.0,0.0,0.0,0,1,1,0.0
1122.0,0.0,0.0,0,1,1,0.0
1123.0,0.0,0.0,0,1,1,0.0
1124.0,0.0,0.0,0,1,1,0.0
1125.0,0.0,0.0,0,1,1,0.0
1126.0,0.0,0.0,0,1,1,0.0
1127.0,0.0,0.0,0,1,1,0.0
1128.0,0.0,0.0,0,1,1,0.0
1129.0,0.0,0.0,0,1,1,0.0
1130.0,0.0,0.0,0,1,1,0.0
1131.0,0.0,0.0,0,1,1,0.0
1132.0,0.0,0.0,0,1,1,0.0
1133.0,0.0,0.0,0,1,1,0.0
1134.0,0.0,0.0,0,1,1,0.0
1135.0,0.0,0.0,0,1,1,0.0
1136.0,0.0,0.0,0,1,1,0.0
1137.0,0.0,0.0,0,1,1,0.0
1138.0,0.0,0.0,0,1,1,0.0
1139.0,0.0,0.0,0,1,1,0.0
1140.0,0.0,0.0,0,1,1,0.0
1141.0,0.0,0.0,0,1,1,0.0
1142.0,0.0,0.0,0,1,1,0.0
1143.0,0.0,0.0,0,1,1,0.0
1144.0,0.0,0.0,0,1,1,0.0
1145.0,0.0,0.0,0,1,1,0.0
1146.0,0.0,0.0,0,1,1,0.0
1147.0,0.0,0.0,0,1,1,0.0
1148.0,0.0,0.0,0,1,1,0.0
1149.0,0.0,0.0,0,1,1,0.0
1150.0,0.0,0.0,0,1,1,0.0
1151.0,0.0,0.0,0,1,1,0.0
1152.0,0.0,0.0,0,1,1,0.0
1153.0,0.0,0.0,0,1,1,0.0
1154.0,0.0,0.0,0,1,1,0.0
1155.0,0.0,0.0,0,1,1,0.0
1156.0,0.0,0.0,0,1,1,0.0
1157.0,0.0,0.0,0,1,1,0.0
1158.0,0.0,0.0,0,1,1,0.0
1159.0,0.0,0.0,0,1,1,0.0
1160.0,0.0,0.0,0,1,1,0.0
1161.0,0.0,0.0,0,1,1,0.0
1162.0,0.0,0.0,0,1,1,0.0
1163.0,0.0,0.0,0,1,1,0.0
1164.0,0.0,0.0,0,1,1,0.0
1165.0,0.0,0.0,0,1,1,0.0
1166.0,0.0,0.0,0,1,1,0.0
1167.0,0.0,0.0,0,1,1,0.0
1168.0,0.0,0.0,0,1,1,0.0
1169.0,0.0,0.0,0,1,1,0.0
1170.0,0.0,0.0,0,1,1,0.0
1171.0,0.0,0.0,0,1,1,0.0
1172.0,0.0,0.0,0,1,1,0.0
1173.0,0.0,0.0,0,1,1,0.0
1174.0,0.0,0.0,0,1,1,0.0
1175.0,0.0,0.0,0,1,1,0.0
1176.0,0.0,0.0,0,1,1,0.0
1177.0,0.0,0.0,0,1,1,0.0
1178.0,0.0,0.0,0,1,1,0.0
1179.0,0.0,0.0,0,1,1,0.0
1180.0,0.0,0.0,0,1,1,0.0
1181.0,0.0,0.0,0,1,1,0.0
1182.0,0.0,0.0,0,1,1,0.0
1183.0,0.0,0.0,0,1,1,0.0
1184.0,0.0,0.0,0,1,1,0.0
1185.0,0.0,0.0,0,1,1,0.0
1186.0,0.0,0.0,0,1,1,0.0
1187.0,0.0,0.0,0,1,1,0.0
1188.0,0.0,0.0,0,1,1,0.0
1189.0,0.0,0.0,0,1,1,0.0
1190.0,0.0,0.0,0,1,1,0.0
1191.0,0.0,0.0,0,1,1,0.0
1192.0,0.0,0.0,0,1,1,0.0
1193.0,0.0,0.0,0,1,1,0.0
1194.0,0.0,0.0,0,1,1,0.0
1195.0,0.0,0.0,0,1,1,0.0
1196.0,0.0,0.0,0,1,1,0.0
1197.0,0.0,0.0,0,1,1,0.0
1198.0,0.0,0.0,0,1,1,0.0
1199.0,0.0,0.0,0,1,1,0.0
1200.0,0.0,0.0,0,1,1,0.0
1201.0,0.0,0.0,0,1,1,0.0
1202.0,0.0,0.0,0,1,1,0.0
1203.0,0.0,0.0,0,1,1,0.0
1204.0,0.0,0.0,0,1,1,0.0
1205.0,0.0,0.0,0,1,1,0.0
1206.0,0.0,0.0,0,1,1,0.0
1207.0,0.0,0.0,0,1,1,0.0
1208.0,0.0,0.0,0,1,1,0.0
1209.0,0.0,0.0,0,1,1,0.0
1210.0,0.0,0.0,0,1,1,0.0
1211.0,0.0,0.0,0,1,1,0.0
1212.0,0.0,0.0,0,1,1,0.0
1213.0,0.0,0.0,0,1,1,0.0
1214.0,0.0,0.0,0,1,1,0.0
1215.0,0.0,0.0,0,1,1,0.0
1216.0,0.0,0.0,0,1,1,0.0
1217.0,0.0,0.0,0,1,1,0.0
1218.0,0.0,0.0,0,1,1,0.0
1219.0,0.0,0.0,0,1,1,0.0
1220.0,0.0,0.0,0,1,1,0.0
1221.0,0.0,0.0,0,1,1,0.0
1222.0,0.0,0.0,0,1,1,0.0
1223.0,0.0,0.0,0,1,1,0.0
1224.0,0.0,0.0,0,1,1,0.0
1225.0,0.0,0.0,0,1,1,0.0
1226.0,0.0,0.0,0,1,1,0.0
1227.0,0.0,0.0,0,1,1,0.0
1228.0,0.0,0.0,0,1,1,0.0
1229.0,0.0,0.0,0,1,1,0.0
1230.0,0.0,0.0,0,1,1,0.0
1231.0,0.0,0.0,0,1,1,0.0
1232.0,0.0,0.0,0,1,1,0.0
1233.0,0.0,0.0,0,1,1,0.0
1234.0,0.0,0.0,0,1,1,0.0
1235.0,0.0,0.0,0,1,1,0.0
1236.0,0.0,0.0,0,1,1,0.0
1237.0,0.0,0.0,0,1,1,0.0
1238.0,0.0,0.0,0,1,1,0.0
1239.0,0.0,0.0,0,1,1,0.0
1240.0,0.0,0.0,0,1,1,0.0
1241.0,0.0,0.0,0,1,1,0.0
1242.0,0.0,0.0,0,1,1,0.0
1243.0,0.0,0.0,0,1,1,0.0
1244.0,0.0,0.0,0,1,1,0.0
1245.0,0.0,0.0,0,1,1,0.0
1246.0,0.0,0.0,0,1,1,0.0
1247.0,0.0,0.0,0,1,1,0.0
1248.0,0.0,0.0,0,1,1,0.0
1249.0,0.0,0.0,0,1,1,0.0
1250.0,0.0,0.0,0,1,1,0.0
1251.0,0.0,0.0,0,1,1,0.0
1252.0,0.0,0.0,0,1,1,0.0
1253.0,0.0,0.0,0,1,1,0.0
1254.0,0.0,0.0,0,1,1,0.0
1255.0,0.0,0.0,0,1,1,0.0
1256.0,0.0,0.0,0,1,1,0.0
1257.0,0.0,0.0,0,1,1,0.0
1258.0,0.0,0.0,0,1,1,0.0
1259.0,0.0,0.0,0,1,1,0.0
1260.0,0.0,0.0,0,1,1,0.0
1261.0,0.0,0.0,0,1,1,0.0
1262.0,0.0,0.0,0,1,1,0.0
1263.0,0.0,0.0,0,1,1,0.0
1264.0,0.0,0.0,0,1,1,0.0
1265.0,0.0,0.0,0,1,1,0.0
1266.0,0.0,0.0,0,1,1,0.0
1267.0,0.0,0.0,0,1,1,0.0
1268.0,0.0,0.0,0,1,1,0.0
1269.0,0.0,0.0,0,1,1,0.0
1270.0,0.0,0.0,0,1,1,0.0
1271.0,0.0,0.0,0,1,1,0.0
1272.0,0.0,0.0,0,1,1,0.0
1273.0,0.0,0.0,0,1,1,0.0
1274.0,0.0,0.0,0,1,1,0.0
1275.0,0.0,0.0,0,1,1,0.0
1276.0,0.0,0.0,0,1,1,0.0
1277.0,0.0,0.0,0,1,1,0.0
1278.0,0.0,0.0,0,1,1,0.0
1279.0,0.0,0.0,0,1,1,0.0
1280.0,0.0,0.0,0,1,1,0.0
1281.0,0.0,0.0,0,1,1,0.0
1282.0,0.0,0.0,0,1,1,0.0
1283.0,0.0,0.0,0,1,1,0.0
1284.0,0.0,0.0,0,1,1,0.0
1285.0,0.0,0.0,0,1,1,0.0
1286.0,0.0,0.0,0,1,1,0.0
1287.0,0.0,0.0,0,1,1,0.0
1288.0,0.0,0.0,0,1,1,0.0
1289.0,0.0,0.0,0,1,1,0.0
1290.0,0.0,0.0,0,1,1,0.0
1291.0,0.0,0.0,0,1,1,0.0
1292.0,0.0,0.0,0,1,1,0.0
1293.0,0.0,0.0,0,1,1,0.0
1294.0,0.0,0.0,0,1,1,0.0
1295.0,0.0,0.0,0,1,1,0.0
1296.0,0.0,0.0,0,1,1,0.0
1297.0,0.0,0.0,0,1,1,0.0
1298.0,0.0,0.0,0,1,1,0.0
1299.0,0.0,0.0,0,1,1,0.0
1300.0,0.0,0.0,0,1,1,0.0
1301.0,0.0,0.0,0,1,1,0.0
1302.0,0.0,0.0,0,1,1,0.0
1303.0,0.0,0.0,0,1,1,0.0
1304.0,0.0,0.0,0,1,1,0.0
1305.0,0.0,0.0,0,1,1,0.0
1306.0,0.0,0.0,0,1,1,0.0
1307.0,0.0,0.0,0,1,1,0.0
1308.0,0.0,0.0,0,1,1,0.0
1309.0,0.0,0.0,0,1,1,0.0
1310.0,0.0,0.0,0,1,1,0.0
1311.0,0.0,0.0,0,1,1,0.0
1312.0,0.0,0.0,0,1,1,0.0
1313.0,0.0,0.0,0,1,1,0.0
1314.0,0.0,0.0,0,1,1,0.0
1315.0,0.0,0.0,0,1,1,0.0
1316.0,0.0,0.0,0,1,1,0.0
1317.0,0.0,0.0,0,1,1,0.0
1318.0,0.0,0.0,0,1,1,0.0
1319.0,0.0,0.0,0,1,1,0.0
1320.0,0.0,0.0,0,1,1,0.0
1321.0,0.0,0.0,0,1,1,0.0
1322.0,0.0,0.0,0,1,1,0.0
1323.0,0.0,0.0,0,1,1,0.0
1324.0,0.0,0.0,0,1,1,0.0
1325.0,0.0,0.0,0,1,1,0.0
1326.0,0.0,0.0,0,1,1,0.0
1327.0,0.0,0.0,0,1,1,0.0
1328.0,0.0,0.0,0,1,1,0.0
1329.0,0.0,0.0,0,1,1,0.0
1330.0,0.0,0.0,0,1,1,0.0
1331.0,0.0,0.0,0,1,1,0.0
1332.0,0.0,0.0,0,1,1,0.0
1333.0,0.0,0.0,0,1,1,0.0
1334.0,0.0,0.0,0,1,1,0.0
1335.0,0.0,0.0,0,1,1,0.0
1336.0,0.0,0.0,0,1,1,0.0
1337.0,0.0,0.0,0,1,1,0.0
1338.0,0.0,0.0,0,1,1,0.0
1339.0,0.0,0.0,0,1,1,0.0
1340.0,0.0,0.0,0,1,1,0.0
1341.0,0.0,0.0,0,1,1,0.0
1342.0,0.0,0.0,0,1,1,0.0
1343.0,0.0,0.0,0,1,1,0.0
1344.0,0.0,0.0,0,1,1,0.0
1345.0,0.0,0.0,0,1,1,0.0
1346.0,0.0,0.0,0,1,1,0.0
1347.0,0.0,0.0,0,1,1,0.0
1348.0,0.0,0.0,0,1,1,0.0
1349.0,0.0,0.0,0,1,1,0.0
1350.0,0.0,0.0,0,1,1,0.0
1351.0,0.0,0.0,0,1,1,0.0
1352.0,0.0,0.0,0,1,1,0.0
1353.0,0.0,0.0,0,1,1,0.0
1354.0,0.0,0.0,0,1,1,0.0
1355.0,0.0,0.0,0,1,1,0.0
1356.0,0.0,0.0,0,1,1,0.0
1357.0,0.0,0.0,0,1,1,0.0
1358.0,0.0,0.0,0,1,1,0.0
1359.0,0.0,0.0,0,1,1,0.0
1360.0,0.0,0.0,0,1,1,0.0
1361.0,0.0,0.0,0,1,1,0.0
1362.0,0.0,0.0,0,1,1,0.0
1363.0,0.0,0.0,0,1,1,0.0
1364.0,0.0,0.0,0,1,1,0.0
1365.0,0.0,0.0,0,1,1,0.0
1366.0,0.0,0.0,0,1,1,0.0
1367.0,0.0,0.0,0,1,1,0.0
1368.0,0.0,0.0,0,1,1,0.0
1369.0,0.0,0.0,0,1,1,0.0
1370.0,0.0,0.0,0,1,1,0.0
1371.0,0.0,0.0,0,1,1,0.0
1372.0,0.0,0.0,0,1,1,0.0
1373.0,0.0,0.0,0,1,1,0.0
1374.0,0.0,0.0,0,1,1,0.0
1375.0,0.0,0.0,0,1,1,0.0
1376.0,0.0,0.0,0,1,1,0.0
1377.0,0.0,0.0,0,1,1,0.0
1378.0,0.0,0.0,0,1,1,0.0
1379.0,0.0,0.0,0,1,1,0.0
1380.0,0.0,0.0,0,1,1,0.0
1381.0,0.0,0.0,0,1,1,0.0
1382.0,0.0,0.0,0,1,1,0.0
1383.0,0.0,0.0,0,1,1,0.0
1384.0,0.0,0.0,0,1,1,0.0
1385.0,0.0,0.0,0,1,1,0.0
1386.0,0.0,0.0,0,1,1,0.0
1387.0,0.0,0.0,0,1,1,0.0
1388.0,0.0,0.0,0,1,1,0.0
1389.0,0.0,0.0,0,1,1,0.0
1390.0,0.0,0.0,0,1,1,0.0
1391.0,0.0,0.0,0,1,1,0.0
1392.0,0.0,0.0,0,1,1,0.0
1393.0,0.0,0.0,0,1,1,0.0
1394.0,0.0,0.0,0,1,1,0.0
1395.0,0.0,0.0,0,1,1,0.0
1396.0,0.0,0.0,0,1,1,0.0
1397.0,0.0,0.0,0,1,1,0.0
1398.0,0.0,0.0,0,1,1,0.0
1399.0,0.0,0.0,0,1,1,0.0
1400.0,0.0,0.0,0,1,1,0.0
1401.0,0.0,0.0,0,1,1,0.0
1402.0,0.0,0.0,0,1,1,0.0
1403.0,0.0,0.0,0,1,1,0.0
1404.0,0.0,0.0,0,1,1,0.0
1405.0,0.0,0.0,0,1,1,0.0
1406.0,0.0,0.0,0,1,1,0.0
1407.0,0.0,0.0,0,1,1,0.0
1408.0,0.0,0.0,0,1,1,0.0
1409.0,0.0,0.0,0,1,1,0.0
1410.0,0.0,0.0,0,1,1,0.0
1411.0,0.0,0.0,0,1,1,0.0
1412.0,0.0,0.0,0,1,1,0.0
1413.0,0.0,0.0,0,1,1,0.0
1414.0,0.0,0.0,0,1,1,0.0
1415.0,0.0,0.0,0,1,1,0.0
1416.0,0.0,0.0,0,1,1,0.0
1417.0,0.0,0.0,0,1,1,0.0
1418.0,0.0,0.0,0,1,1,0.0
1419.0,0.0,0.0,0,1,1,0.0
1420.0,0.0,0.0,0,1,1,0.0
1421.0,0.0,0.0,0,1,1,0.0
1422.0,0.0,0.0,0,1,1,0.0
1423.0,0.0,0.0,0,1,1,0.0
1424.0,0.0,0.0,0,1,1,0.0
1425.0,0.0,0.0,0,1,1,0.0
1426.0,0.0,0.0,0,1,1,0.0
1427.0,0.0,0.0,0,1,1,0.0
1428.0,0.0,0.0,0,1,1,0.0
1429.0,0.0,0.0,0,1,1,0.0
1430.0,0.0,0.0,0,1,1,0.0
1431.0,0.0,0.0,0,1,1,0.0
1432.0,0.0,0.0,0,1,1,0.0
1433.0,0.0,0.0,0,1,1,0.0
1434.0,0.0,0.0,0,1,1,0.0
1435.0,0.0,0.0,0,1,1,0.0
1436.0,0.0,0.0,0,1,1,0.0
1437.0,0.0,0.0,0,1,1,0.0
1438.0,0.0,0.0,0,1,1,0.0
1439.0,0.0,0.0,0,1,1,0.0
1440.0,0.0,0.0,0,1,1,0.0
1441.0,0.0,0.0,0,1,1,0.0
1442.0,0.0,0.0,0,1,1,0.0
1443.0,0.0,0.0,0,1,1,0.0
1444.0,0.0,0.0,0,1,1,0.0
1445.0,0.0,0.0,0,1,1,0.0
1446.0,0.0,0.0,0,1,1,0.0
1447.0,0.0,0.0,0,1,1,0.0
1448.0,0.0,0.0,0,1,1,0.0
1449.0,0.0,0.0,0,1,1,0.0
1450.0,0.0,0.0,0,1,1,0.0
1451.0,0.0,0.0,0,1,1,0.0
1452.0,0.0,0.0,0,1,1,0.0
1453.0,0.0,0.0,0,1,1,0.0
1454.0,0.0,0.0,0,1,1,0.0
1455.0,0.0,0.0,0,1,1,0.0
1456.0,0.0,0.0,0,1,1,0.0
1457.0,0.0,0.0,0,1,1,0.0
1458.0,0.0,0.0,0,1,1,0.0
1459.0,0.0,0.0,0,1,1,0.0
1460.0,0.0,0.0,0,1,1,0.0
1461.0,0.0,0.0,0,1,1,0.0
1462.0,0.0,0.0,0,1,1,0.0
1463.0,0.0,0.0,0,1,1,0.0
1464.0,0.0,0.0,0,1,1,0.0
1465.0,0.0,0.0,0,1,1,0.0
1466.0,0.0,0.0,0,1,1,0.0
1467.0,0.0,0.0,0,1,1,0.0
1468.0,0.0,0.0,0,1,1,0.0
1469.0,0.0,0.0,0,1,1,0.0
1470.0,0.0,0.0,0,1,1,0.0
1471.0,0.0,0.0,0,1,1,0.0
1472.0,0.0,0.0,0,1,1,0.0
1473.0,0.0,0.0,0,1,1,0.0
1474.0,0.0,0.0,0,1,1,0.0
1475.0,0.0,0.0,0,1,1,0.0
1476.0,0.0,0.0,0,1,1,0.0
1477.0,0.0,0.0,0,1,1,0.0
1478.0,0.0,0.0,0,1,1,0.0
1479.0,0.0,0.0,0,1,1,0.0
1480.0,0.0,0.0,0,1,1,0.0
1481.0,0.0,0.0,0,1,1,0.0
1482.0,0.0,0.0,0,1,1,0.0
1483.0,0.0,0.0,0,1,1,0.0
1484.0,0.0,0.0,0,1,1,0.0
1485.0,0.0,0.0,0,1,1,0.0
1486.0,0.0,0.0,0,1,1,0.0
1487.0,0.0,0.0,0,1,1,0.0
1488.0,0.0,0.0,0,1,1,0.0
1489.0,0.0,0.0,0,1,1,0.0
1490.0,0.0,0.0,0,1,1,0.0
1491.0,0.0,0.0,0,1,1,0.0
1492.0,0.0,0.0,0,1,1,0.0
1493.0,0.0,0.0,0,1,1,0.0
1494.0,0.0,0.0,0,1,1,0.0
1495.0,0.0,0.0,0,1,1,0.0
1496.0,0.0,0.0,0,1,1,0.0
1497.0,0.0,0.0,0,1,1,0.0
1498.0,0.0,0.0,0,1,1,0.0
1499.0,0.0,0.0,0,1,1,0.0
1500.0,0.0,0.0,0,1,1,0.0
1501.0,0.0,0.0,0,1,1,0.0
1502.0,0.0,0.0,0,1,1,0.0
1503.0,0.0,0.0,0,1,1,0.0
1504.0,0.0,0.0,0,1,1,0.0
1505.0,0.0,0.0,0,1,1,0.0
1506.0,0.0,0.0,0,1,1,0.0
1507.0,0.0,0.0,0,1,1,0.0
1508.0,0.0,0.0,0,1,1,0.0
1509.0,0.0,0.0,0,1,1,0.0
1510.0,0.0,0.0,0,1,1,0.0
1511.0,0.0,0.0,0,1,1,0.0
1512.0,0.0,0.0,0,1,1,0.0
1513.0,0.0,0.0,0,1,1,0.0
1514.0,0.0,0.0,0,1,1,0.0
1515.0,0.0,0.0,0,1,1,0.0
1516.0,0.0,0.0,0,1,1,0.0
1517.0,0.0,0.0,0,1,1,0.0
1518.0,0.0,0.0,0,1,1,0.0
1519.0,0.0,0.0,0,1,1,0.0
1520.0,0.0,0.0,0,1,1,0.0
1521.0,0.0,0.0,0,1,1,0.0
1522.0,0.0,0.0,0,1,1,0.0
1523.0,0.0,0.0,0,1,1,0.0
1524.0,0.0,0.0,0,1,1,0.0
1525.0,0.0,0.0,0,1,1,0.0
1526.0,0.0,0.0,0,1,1,0.0
1527.0,0.0,0.0,0,1,1,0.0
1528.0,0.0,0.0,0,1,1,0.0
1529.0,0.0,0.0,0,1,1,0.0
1530.0,0.0,0.0,0,1,1,0.0
1531.0,0.0,0.0,0,1,1,0.0
1532.0,0.0,0.0,0,1,1,0.0
1533.0,0.0,0.0,0,1,1,0.0
1534.0,0.0,0.0,0,1,1,0.0
1535.0,0.0,0.0,0,1,1,0.0
1536.0,0.0,0.0,0,1,1,0.0
1537.0,0.0,0.0,0,1,1,0.0
1538.0,0.0,0.0,0,1,1,0.0
1539.0,0.0,0.0,0,1,1,0.0
1540.0,0.0,0.0,0,1,1,0.0
1541.0,0.0,0.0,0,1,1,0.0
1542.0,0.0,0.0,0,1,1,0.0
1543.0,0.0,0.0,0,1,1,0.0
1544.0,0.0,0.0,0,1,1,0.0
1545.0,0.0,0.0,0,1,1,0.0
1546.0,0.0,0.0,0,1,1,0.0
1547.0,0.0,0.0,0,1,1,0.0
1548.0,0.0,0.0,0,1,1,0.0
1549.0,0.0,0.0,0,1,1,0.0
1550.0,0.0,0.0,0,1,1,0.0
1551.0,0.0,0.0,0,1,1,0.0
1552.0,0.0,0.0,0,1,1,0.0
1553.0,0.0,0.0,0,1,1,0.0
1554.0,0.0,0.0,0,1,1,0.0
1555.0,0.0,0.0,0,1,1,0.0
1556.0,0.0,0.0,0,1,1,0.0
1557.0,0.0,0.0,0,1,1,0.0
1558.0,0.0,0.0,0,1,1,0.0
1559.0,0.0,0.0,0,1,1,0.0
1560.0,0.0,0.0,0,1,1,0.0
1561.0,0.0,0.0,0,1,1,0.0
1562.0,0.0,0.0,0,1,1,0.0
1563.0,0.0,0.0,0,1,1,0.0
1564.0,0.0,0.0,0,1,1,0.0
1565.0,0.0,0.0,0,1,1,0.0
1566.0,0.0,0.0,0,1,1,0.0
1567.0,0.0,0.0,0,1,1,0.0
1568.0,0.0,0.0,0,1,1,0.0
1569.0,0.0,0.0,0,1,1,0.0
1570.0,0.0,0.0,0,1,1,0.0
1571.0,0.0,0.0,0,1,1,0.0
1572.0,0.0,0.0,0,1,1,0.0
1573.0,0.0,0.0,0,1,1,0.0
1574.0,0.0,0.0,0,1,1,0.0
1575.0,0.0,0.0,0,1,1,0.0
1576.0,0.0,0.0,0,1,1,0.0
1577.0,0.0,0.0,0,1,1,0.0
1578.0,0.0,0.0,0,1,1,0.0
1579.0,0.0,0.0,0,1,1,0.0
1580.0,0.0,0.0,0,1,1,0.0
1581.0,0.0,0.0,0,1,1,0.0
1582.0,0.0,0.0,0,1,1,0.0
1583.0,0.0,0.0,0,1,1,0.0
1584.0,0.0,0.0,0,1,1,0.0
1585.0,0.0,0.0,0,1,1,0.0
1586.0,0.0,0.0,0,1,1,0.0
1587.0,0.0,0.0,0,1,1,0.0
1588.0,0.0,0.0,0,1,1,0.0
1589.0,0.0,0.0,0,1,1,0.0
1590.0,0.0,0.0,0,1,1,0.0
1591.0,0.0,0.0,0,1,1,0.0
1592.0,0.0,0.0,0,1,1,0.0
1593.0,0.0,0.0,0,1,1,0.0
1594.0,0.0,0.0,0,1,1,0.0
1595.0,0.0,0.0,0,1,1,0.0
1596.0,0.0,0.0,0,1,1,0.0
1597.0,0.0,0.0,0,1,1,0.0
1598.0,0.0,0.0,0,1,1,0.0
1599.0,0.0,0.0,0,1,1,0.0
1600.0,0.0,0.0,0,1,1,0.0
1601.0,0.0,0.0,0,1,1,0.0
1602.0,0.0,0.0,0,1,1,0.0
1603.0,0.0,0.0,0,1,1,0.0
1604.0,0.0,0.0,0,1,1,0.0
1605.0,0.0,0.0,0,1,1,0.0
1606.0,0.0,0.0,0,1,1,0.0
1607.0,0.0,0.0,0,1,1,0.0
1608.0,0.0,0.0,0,1,1,0.0
1609.0,0.0,0.0,0,1,1,0.0
1610.0,0.0,0.0,0,1,1,0.0
1611.0,0.0,0.0,0,1,1,0.0
1612.0,0.0,0.0,0,1,1,0.0
1613.0,0.0,0.0,0,1,1,0.0
1614.0,0.0,0.0,0,1,1,0.0
1615.0,0.0,0.0,0,1,1,0.0
1616.0,0.0,0.0,0,1,1,0.0
1617.0,0.0,0.0,0,1,1,0.0
1618.0,0.0,0.0,0,1,1,0.0
1619.0,0.0,0.0,0,1,1,0.0
1620.0,0.0,0.0,0,1,1,0.0
1621.0,0.0,0.0,0,1,1,0.0
1622.0,0.0,0.0,0,1,1,0.0
1623.0,0.0,0.0,0,1,1,0.0
1624.0,0.0,0.0,0,1,1,0.0
1625.0,0.0,0.0,0,1,1,0.0
1626.0,0.0,0.0,0,1,1,0.0
1627.0,0.0,0.0,0,1,1,0.0
1628.0,0.0,0.0,0,1,1,0.0
1629.0,0.0,0.0,0,1,1,0.0
1630.0,0.0,0.0,0,1,1,0.0
1631.0,0.0,0.0,0,1,1,0.0
1632.0,0.0,0.0,0,1,1,0.0
1633.0,0.0,0.0,0,1,1,0.0
1634.0,0.0,0.0,0,1,1,0.0
1635.0,0.0,0.0,0,1,1,0.0
1636.0,0.0,0.0,0,1,1,0.0
1637.0,0.0,0.0,0,1,1,0.0
1638.0,0.0,0.0,0,1,1,0.0
1639.0,0.0,0.0,0,1,1,0.0
1640.0,0.0,0.0,0,1,1,0.0
1641.0,0.0,0.0,0,1,1,0.0
1642.0,0.0,0.0,0,1,1,0.0
1643.0,0.0,0.0,0,1,1,0.0
1644.0,0.0,0.0,0,1,1,0.0
1645.0,0.0,0.0,0,1,1,0.0
1646.0,0.0,0.0,0,1,1,0.0
1647.0,0.0,0.0,0,1,1,0.0
1648.0,0.0,0.0,0,1,1,0.0
1649.0,0.0,0.0,0,1,1,0.0
1650.0,0.0,0.0,0,1,1,0.0
1651.0,0.0,0.0,0,1,1,0.0
1652.0,0.0,0.0,0,1,1,0.0
1653.0,0.0,0.0,0,1,1,0.0
1654.0,0.0,0.0,0,1,1,0.0
1655.0,0.0,0.0,0,1,1,0.0
1656.0,0.0,0.0,0,1,1,0.0
1657.0,0.0,0.0,0,1,1,0.0
1658.0,0.0,0.0,0,1,1,0.0
1659.0,0.0,0.0,0,1,1,0.0
1660.0,0.0,0.0,0,1,1,0.0
1661.0,0.0,0.0,0,1,1,0.0
1662.0,0.0,0.0,0,1,1,0.0
1663.0,0.0,0.0,0,1,1,0.0
1664.0,0.0,0.0,0,1,1,0.0
1665.0,0.0,0.0,0,1,1,0.0
1666.0,0.0,0.0,0,1,1,0.0
1667.0,0.0,0.0,0,1,1,0.0
1668.0,0.0,0.0,0,1,1,0.0
1669.0,0.0,0.0,0,1,1,0.0
1670.0,0.0,0.0,0,1,1,0.0
1671.0,0.0,0.0,0,1,1,0.0
1672.0,0.0,0.0,0,1,1,0.0
1673.0,0.0,0.0,0,1,1,0.0
1674.0,0.0,0.0,0,1,1,0.0
1675.0,0.0,0.0,0,1,1,0.0
1676.0,0.0,0.0,0,1,1,0.0
1677.0,0.0,0.0,0,1,1,0.0
1678.0,0.0,0.0,0,1,1,0.0
1679.0,0.0,0.0,0,1,1,0.0
1680.0,0.0,0.0,0,1,1,0.0
1681.0,0.0,0.0,0,1,1,0.0
1682.0,0.0,0.0,0,1,1,0.0
1683.0,0.0,0.0,0,1,1,0.0
1684.0,0.0,0.0,0,1,1,0.0
1685.0,0.0,0.0,0,1,1,0.0
1686.0,0.0,0.0,0,1,1,0.0
1687.0,0.0,0.0,0,1,1,0.0
1688.0,0.0,0.0,0,1,1,0.0
1689.0,0.0,0.0,0,1,1,0.0
1690.0,0.0,0.0,0,1,1,0.0
1691.0,0.0,0.0,0,1,1,0.0
1692.0,0.0,0.0,0,1,1,0.0
1693.0,0.0,0.0,0,1,1,0.0
1694.0,0.0,0.0,0,1,1,0.0
1695.0,0.0,0.0,0,1,1,0.0
1696.0,0.0,0.0,0,1,1,0.0
1697.0,0.0,0.0,0,1,1,0.0
1698.0,0.0,0.0,0,1,1,0.0
1699.0,0.0,0.0,0,1,1,0.0
1700.0,0.0,0.0,0,1,1,0.0
1701.0,0.0,0.0,0,1,1,0.0
1702.0,0.0,0.0,0,1,1,0.0
1703.0,0.0,0.0,0,1,1,0.0
1704.0,0.0,0.0,0,1,1,0.0
1705.0,0.0,0.0,0,1,1,0.0
1706.0,0.0,0.0,0,1,1,0.0
1707.0,0.0,0.0,0,1,1,0.0
1708.0,0.0,0.0,0,1,1,0.0
1709.0,0.0,0.0,0,1,1,0.0
1710.0,0.0,0.0,0,1,1,0.0
1711.0,0.0,0.0,0,1,1,0.0
1712.0,0.0,0.0,0,1,1,0.0
1713.0,0.0,0.0,0,1,1,0.0
1714.0,0.0,0.0,0,1,1,0.0
1715.0,0.0,0.0,0,1,1,0.0
1716.0,0.0,0.0,0,1,1,0.0
1717.0,0.0,0.0,0,1,1,0.0
1718.0,0.0,0.0,0,1,1,0.0
1719.0,0.0,0.0,0,1,1,0.0
1720.0,0.0,0.0,0,1,1,0.0
1721.0,0.0,0.0,0,1,1,0.0
1722.0,0.0,0.0,0,1,1,0.0
1723.0,0.0,0.0,0,1,1,0.0
1724.0,0.0,0.0,0,1,1,0.0
1725.0,0.0,0.0,0,1,1,0.0
1726.0,0.0,0.0,0,1,1,0.0
1727.0,0.0,0.0,0,1,1,0.0
1728.0,0.0,0.0,0,1,1,0.0
1729.0,0.0,0.0,0,1,1,0.0
1730.0,0.0,0.0,0,1,1,0.0
1731.0,0.0,0.0,0,1,1,0.0
1732.0,0.0,0.0,0,1,1,0.0
1733.0,0.0,0.0,0,1,1,0.0
1734.0,0.0,0.0,0,1,1,0.0
1735.0,0.0,0.0,0,1,1,0.0
1736.0,0.0,0.0,0,1,1,0.0
1737.0,0.0,0.0,0,1,1,0.0
1738.0,0.0,0.0,0,1,1,0.0
1739.0,0.0,0.0,0,1,1,0.0
1740.0,0.0,0.0,0,1,1,0.0
1741.0,0.0,0.0,0,1,1,0.0
1742.0,0.0,0.0,0,1,1,0.0
1743.0,0.0,0.0,0,1,1,0.0
1744.0,0.0,0.0,0,1,1,0.0
1745.0,0.0,0.0,0,1,1,0.0
1746.0,0.0,0.0,0,1,1,0.0
1747.0,0.0,0.0,0,1,1,0.0
1748.0,0.0,0.0,0,1,1,0.0
1749.0,0.0,0.0,0,1,1,0.0
1750.0,0.0,0.0,0,1,1,0.0
1751.0,0.0,0.0,0,1,1,0.0
1752.0,0.0,0.0,0,1,1,0.0
1753.0,0.0,0.0,0,1,1,0.0
1754.0,0.0,0.0,0,1,1,0.0
1755.0,0.0,0.0,0,1,1,0.0
1756.0,0.0,0.0,0,1,1,0.0
1757.0,0.0,0.0,0,1,1,0.0
1758.0,0.0,0.0,0,1,1,0.0
1759.0,0.0,0.0,0,1,1,0.0
1760.0,0.0,0.0,0,1,1,0.0
1761.0,0.0,0.0,0,1,1,0.0
1762.0,0.0,0.0,0,1,1,0.0
1763.0,0.0,0.0,0,1,1,0.0
1764.0,0.0,0.0,0,1,1,0.0
1765.0,0.0,0.0,0,1,1,0.0
1766.0,0.0,0.0,0,1,1,0.0
1767.0,0.0,0.0,0,1,1,0.0
1768.0,0.0,0.0,0,1,1,0.0
1769.0,0.0,0.0,0,1,1,0.0
1770.0,0.0,0.0,0,1,1,0.0
1771.0,0.0,0.0,0,1,1,0.0
1772.0,0.0,0.0,0,1,1,0.0
1773.0,0.0,0.0,0,1,1,0.0
1774.0,0.0,0.0,0,1,1,0.0
1775.0,0.0,0.0,0,1,1,0.0
1776.0,0.0,0.0,0,1,1,0.0
1777.0,0.0,0.0,0,1,1,0.0
1778.0,0.0,0.0,0,1,1,0.0
1779.0,0.0,0.0,0,1,1,0.0
1780.0,0.0,0.0,0,1,1,0.0
1781.0,0.0,0.0,0,1,1,0.0
1782.0,0.0,0.0,0,1,1,0.0
1783.0,0.0,0.0,0,1,1,0.0
1784.0,0.0,0.0,0,1,1,0.0
1785.0,0.0,0.0,0,1,1,0.0
1786.0,0.0,0.0,0,1,1,0.0
1787.0,0.0,0.0,0,1,1,0.0
1788.0,0.0,0.0,0,1,1,0.0
1789.0,0.0,0.0,0,1,1,0.0
1790.0,0.0,0.0,0,1,1,0.0
1791.0,0.0,0.0,0,1,1,0.0
1792.0,0.0,0.0,0,1,1,0.0
1793.0,0.0,0.0,0,1,1,0.0
1794.0,0.0,0.0,0,1,1,0.0
1795.0,0.0,0.0,0,1,1,0.0
1796.0,0.0,0.0,0,1,1,0.0
1797.0,0.0,0.0,0,1,1,0.0
1798.0,0.0,0.0,0,1,1,0.0
1799.0,0.0,0.0,0,1,1,0.0
1800.0,0.0,0.0,0,1,1,0.0
1801.0,0.0,0.0,0,1,1,0.0
1802.0,0.0,0.0,0,1,1,0.0
1803.0,0.0,0.0,0,1,1,0.0
1804.0,0.0,0.0,0,1,1,0.0
1805.0,0.0,0.0,0,1,1,0.0
1806.0,0.0,0.0,0,1,1,0.0
1807.0,0.0,0.0,0,1,1,0.0
1808.0,0.0,0.0,0,1,1,0.0
1809.0,0.0,0.0,0,1,1,0.0
1810.0,0.0,0.0,0,1,1,0.0
1811.0,0.0,0.0,0,1,1,0.0
1812.0,0.0,0.0,0,1,1,0.0
1813.0,0.0,0.0,0,1,1,0.0
1814.0,0.0,0.0,0,1,1,0.0
1815.0,0.0,0.0,0,1,1,0.0
1816.0,0.0,0.0,0,1,1,0.0
1817.0,0.0,0.0,0,1,1,0.0
1818.0,0.0,0.0,0,1,1,0.0
1819.0,0.0,0.0,0,1,1,0.0
1820.0,0.0,0.0,0,1,1,0.0
1821.0,0.0,0.0,0,1,1,0.0
1822.0,0.0,0.0,0,1,1,0.0
1823.0,0.0,0.0,0,1,1,0.0
1824.0,0.0,0.0,0,1,1,0.0
1825.0,0.0,0.0,0,1,1,0.0
1826.0,0.0,0.0,0,1,1,0.0
1827.0,0.0,0.0,0,1,1,0.0
1828.0,0.0,0.0,0,1,1,0.0
1829.0,0.0,0.0,0,1,1,0.0
1830.0,0.0,0.0,0,1,1,0.0
1831.0,0.0,0.0,0,1,1,0.0
1832.0,0.0,0.0,0,1,1,0.0
1833.0,0.0,0.0,0,1,1,0.0
1834.0,0.0,0.0,0,1,1,0.0
1835.0,0.0,0.0,0,1,1,0.0
1836.0,0.0,0.0,0,1,1,0.0
1837.0,0.0,0.0,0,1,1,0.0
1838.0,0.0,0.0,0,1,1,0.0
1839.0,0.0,0.0,0,1,1,0.0
1840.0,0.0,0.0,0,1,1,0.0
1841.0,0.0,0.0,0,1,1,0.0
1842.0,0.0,0.0,0,1,1,0.0
1843.0,0.0,0.0,0,1,1,0.0
1844.0,0.0,0.0,0,1,1,0.0
1845.0,0.0,0.0,0,1,1,0.0
1846.0,0.0,0.0,0,1,1,0.0
1847.0,0.0,0.0,0,1,1,0.0
1848.0,0.0,0.0,0,1,1,0.0
1849.0,0.0,0.0,0,1,1,0.0
1850.0,0.0,0.0,0,1,1,0.0
1851.0,0.0,0.0,0,1,1,0.0
1852.0,0.0,0.0,0,1,1,0.0
1853.0,0.0,0.0,0,1,1,0.0
1854.0,0.0,0.0,0,1,1,0.0
1855.0,0.0,0.0,0,1,1,0.0
1856.0,0.0,0.0,0,1,1,0.0
1857.0,0.0,0.0,0,1,1,0.0
1858.0,0.0,0.0,0,1,1,0.0
1859.0,0.0,0.0,0,1,1,0.0
1860.0,0.0,0.0,0,1,1,0.0
1861.0,0.0,0.0,0,1,1,0.0
1862.0,0.0,0.0,0,1,1,0.0
1863.0,0.0,0.0,0,1,1,0.0
1864.0,0.0,0.0,0,1,1,0.0
1865.0,0.0,0.0,0,1,1,0.0
1866.0,0.0,0.0,0,1,1,0.0
1867.0,0.0,0.0,0,1,1,0.0
1868.0,0.0,0.0,0,1,1,0.0
1869.0,0.0,0.0,0,1,1,0.0
1870.0,0.0,0.0,0,1,1,0.0
1871.0,0.0,0.0,0,1,1,0.0
1872.0,0.0,0.0,0,1,1,0.0
1873.0,0.0,0.0,0,1,1,0.0
1874.0,0.0,0.0,0,1,1,0.0
1875.0,0.0,0.0,0,1,1,0.0
1876.0,0.0,0.0,0,1,1,0.0
1877.0,0.0,0.0,0,1,1,0.0
1878.0,0.0,0.0,0,1,1,0.0
1879.0,0.0,0.0,0,1,1,0.0
1880.0,0.0,0.0,0,1,1,0.0
1881.0,0.0,0.0,0,1,1,0.0
1882.0,0.0,0.0,0,1,1,0.0
1883.0,0.0,0.0,0,1,1,0.0
1884.0,0.0,0.0,0,1,1,0.0
1885.0,0.0,0.0,0,1,1,0.0
1886.0,0.0,0.0,0,1,1,0.0
1887.0,0.0,0.0,0,1,1,0.0
1888.0,0.0,0.0,0,1,1,0.0
1889.0,0.0,0.0,0,1,1,0.0
1890.0,0.0,0.0,0,1,1,0.0
1891.0,0.0,0.0,0,1,1,0.0
1892.0,0.0,0.0,0,1,1,0.0
1893.0,0.0,0.0,0,1,1,0.0
1894.0,0.0,0.0,0,1,1,0.0
1895.0,0.0,0.0,0,1,1,0.0
1896.0,0.0,0.0,0,1,1,0.0
1897.0,0.0,0.0,0,1,1,0.0
1898.0,0.0,0.0,0,1,1,0.0
1899.0,0.0,0.0,0,1,1,0.0
1900.0,0.0,0.0,0,1,1,0.0
1901.0,0.0,0.0,0,1,1,0.0
1902.0,0.0,0.0,0,1,1,0.0
1903.0,0.0,0.0,0,1,1,0.0
1904.0,0.0,0.0,0,1,1,0.0
1905.0,0.0,0.0,0,1,1,0.0
1906.0,0.0,0.0,0,1,1,0.0
1907.0,0.0,0.0,0,1,1,0.0
1908.0,0.0,0.0,0,1,1,0.0
1909.0,0.0,0.0,0,1,1,0.0
1910.0,0.0,0.0,0,1,1,0.0
1911.0,0.0,0.0,0,1,1,0.0
1912.0,0.0,0.0,0,1,1,0.0
1913.0,0.0,0.0,0,1,1,0.0
1914.0,0.0,0.0,0,1,1,0.0
1915.0,0.0,0.0,0,1,1,0.0
1916.0,0.0,0.0,0,1,1,0.0
1917.0,0.0,0.0,0,1,1,0.0
1918.0,0.0,0.0,0,1,1,0.0
1919.0,0.0,0.0,0,1,1,0.0
1920.0,0.0,0.0,0,1,1,0.0
1921.0,0.0,0.0,0,1,1,0.0
1922.0,0.0,0.0,0,1,1,0.0
1923.0,0.0,0.0,0,1,1,0.0
1924.0,0.0,0.0,0,1,1,0.0
1925.0,0.0,0.0,0,1,1,0.0
1926.0,0.0,0.0,0,1,1,0.0
1927.0,0.0,0.0,0,1,1,0.0
1928.0,0.0,0.0,0,1,1,0.0
1929.0,0.0,0.0,0,1,1,0.0
1930.0,0.0,0.0,0,1,1,0.0
1931.0,0.0,0.0,0,1,1,0.0
1932.0,0.0,0.0,0,1,1,0.0
1933.0,0.0,0.0,0,1,1,0.0
1934.0,0.0,0.0,0,1,1,0.0
1935.0,0.0,0.0,0,1,1,0.0
1936.0,0.0,0.0,0,1,1,0.0
1937.0,0.0,0.0,0,1,1,0.0
1938.0,0.0,0.0,0,1,1,0.0
1939.0,0.0,0.0,0,1,1,0.0
1940.0,0.0,0.0,0,1,1,0.0
1941.0,0.0,0.0,0,1,1,0.0
1942.0,0.0,0.0,0,1,1,0.0
1943.0,0.0,0.0,0,1,1,0.0
1944.0,0.0,0.0,0,1,1,0.0
1945.0,0.0,0.0,0,1,1,0.0
1946.0,0.0,0.0,0,1,1,0.0
1947.0,0.0,0.0,0,1,1,0.0
1948.0,0.0,0.0,0,1,1,0.0
1949.0,0.0,0.0,0,1,1,0.0
1950.0,0.0,0.0,0,1,1,0.0
1951.0,0.0,0.0,0,1,1,0.0
1952.0,0.0,0.0,0,1,1,0.0
1953.0,0.0,0.0,0,1,1,0.0
1954.0,0.0,0.0,0,1,1,0.0
1955.0,0.0,0.0,0,1,1,0.0
1956.0,0.0,0.0,0,1,1,0.0
1957.0,0.0,0.0,0,1,1,0.0
1958.0,0.0,0.0,0,1,1,0.0
1959.0,0.0,0.0,0,1,1,0.0
1960.0,0.0,0.0,0,1,1,0.0
1961.0,0.0,0.0,0,1,1,0.0
1962.0,0.0,0.0,0,1,1,0.0
1963.0,0.0,0.0,0,1,1,0.0
1964.0,0.0,0.0,0,1,1,0.0
1965.0,0.0,0.0,0,1,1,0.0
1966.0,0.0,0.0,0,1,1,0.0
1967.0,0.0,0.0,0,1,1,0.0
1968.0,0.0,0.0,0,1,1,0.0
1969.0,0.0,0.0,0,1,1,0.0
1970.0,0.0,0.0,0,1,1,0.0
1971.0,0.0,0.0,0,1,1,0.0
1972.0,0.0,0.0,0,1,1,0.0
1973.0,0.0,0.0,0,1,1,0.0
1974.0,0.0,0.0,0,1,1,0.0
1975.0,0.0,0.0,0,1,1,0.0
1976.0,0.0,0.0,0,1,1,0.0
1977.0,0.0,0.0,0,1,1,0.0
1978.0,0.0,0.0,0,1,1,0.0
1979.0,0.0,0.0,0,1,1,0.0
1980.0,0.0,0.0,0,1,1,0.0
1981.0,0.0,0.0,0,1,1,0.0
1982.0,0.0,0.0,0,1,1,0.0
1983.0,0.0,0.0,0,1,1,0.0
1984.0,0.0,0.0,0,1,1,0.0
1985.0,0.0,0.0,0,1,1,0.0
1986.0,0.0,0.0,0,1,1,0.0
1987.0,0.0,0.0,0,1,1,0.0
1988.0,0.0,0.0,0,1,1,0.0
1989.0,0.0,0.0,0,1,1,0.0
1990.0,0.0,0.0,0,1,1,0.0
1991.0,0.0,0.0,0,1,1,0.0
1992.0,0.0,0.0,0,1,1,0.0
1993.0,0.0,0.0,0,1,1,0.0
1994.0,0.0,0.0,0,1,1,0.0
1995.0,0.0,0.0,0,1,1,0.0
1996.0,0.0,0.0,0,1,1,0.0
1997.0,0.0,0.0,0,1,1,0.0
1998.0,0.0,0.0,0,1,1,0.0
1999.0,0.0,0.0,0,1,1,0.0
2000.0,0.0,0.0,0,1,1,0.0
2001.0,0.0,0.0,0,1,1,0.0
2002.0,0.0,0.0,0,1,1,0.0
2003.0,0.0,0.0,0,1,1,0.0
2004.0,0.0,0.0,0,1,1,0.0
2005.0,0.0,0.0,0,1,1,0.0
2006.0,0.0,0.0,0,1,1,0.0
2007.0,0.0,0.0,0,1,1,0.0
2008.0,0.0,0.0,0,1,1,0.0
2009.0,0.0,0.0,0,1,1,0.0
2010.0,0.0,0.0,0,1,1,0.0
2011.0,0.0,0.0,0,1,1,0.0
2012.0,0.0,0.0,0,1,1,0.0
2013.0,0.0,0.0,0,1,1,0.0
2014.0,0.0,0.0,0,1,1,0.0
2015.0,0.0,0.0,0,1,1,0.0
2016.0,0.0,0.0,0,1,1,0.0
2017.0,0.0,0.0,0,1,1,0.0
2018.0,0.0,0.0,0,1,1,0.0
2019.0,0.0,0.0,0,1,1,0.0
2020.0,0.0,0.0,0,1,1,0.0
2021.0,0.0,0.0,0,1,1,0.0
2022.0,0.0,0.0,0,1,1,0.0
2023.0,0.0,0.0,0,1,1,0.0
2024.0,0.0,0.0,0,1,1,0.0
2025.0,0.0,0.0,0,1,1,0.0
2026.0,0.0,0.0,0,1,1,0.0
2027.0,0.0,0.0,0,1,1,0.0
2028.0,0.0,0.0,0,1,1,0.0
2029.0,0.0,0.0,0,1,1,0.0
2030.0,0.0,0.0,0,1,1,0.0
2031.0,0.0,0.0,0,1,1,0.0
2032.0,0.0,0.0,0,1,1,0.0
2033.0,0.0,0.0,0,1,1,0.0
2034.0,0.0,0.0,0,1,1,0.0
2035.0,0.0,0.0,0,1,1,0.0
2036.0,0.0,0.0,0,1,1,0.0
2037.0,0.0,0.0,0,1,1,0.0
2038.0,0.0,0.0,0,1,1,0.0
2039.0,0.0,0.0,0,1,1,0.0
2040.0,0.0,0.0,0,1,1,0.0
2041.0,0.0,0.0,0,1,1,0.0
2042.0,0.0,0.0,0,1,1,0.0
2043.0,0.0,0.0,0,1,1,0.0
2044.0,0.0,0.0,0,1,1,0.0
2045.0,0.0,0.0,0,1,1,0.0
2046.0,0.0,0.0,0,1,1,0.0
2047.0,0.0,0.0,0,1,1,0.0
2048.0,0.0,0.0,0,1,1,0.0
2049.0,0.0,0.0,0,1,1,0.0
2050.0,0.0,0.0,0,1,1,0.0
2051.0,0.0,0.0,0,1,1,0.0
2052.0,0.0,0.0,0,1,1,0.0
2053.0,0.0,0.0,0,1,1,0.0
2054.0,0.0,0.0,0,1,1,0.0
2055.0,0.0,0.0,0,1,1,0.0
2056.0,0.0,0.0,0,1,1,0.0
2057.0,0.0,0.0,0,1,1,0.0
2058.0,0.0,0.0,0,1,1,0.0
2059.0,0.0,0.0,0,1,1,0.0
2060.0,0.0,0.0,0,1,1,0.0
2061.0,0.0,0.0,0,1,1,0.0
2062.0,0.0,0.0,0,1,1,0.0
2063.0,0.0,0.0,0,1,1,0.0
2064.0,0.0,0.0,0,1,1,0.0
2065.0,0.0,0.0,0,1,1,0.0
2066.0,0.0,0.0,0,1,1,0.0
2067.0,0.0,0.0,0,1,1,0.0
2068.0,0.0,0.0,0,1,1,0.0
2069.0,0.0,0.0,0,1,1,0.0
2070.0,0.0,0.0,0,1,1,0.0
2071.0,0.0,0.0,0,1,1,0.0
2072.0,0.0,0.0,0,1,1,0.0
2073.0,0.0,0.0,0,1,1,0.0
2074.0,0.0,0.0,0,1,1,0.0
2075.0,0.0,0.0,0,1,1,0.0
2076.0,0.0,0.0,0,1,1,0.0
2077.0,0.0,0.0,0,1,1,0.0
2078.0,0.0,0.0,0,1,1,0.0
2079.0,0.0,0.0,0,1,1,0.0
2080.0,0.0,0.0,0,1,1,0.0
2081.0,0.0,0.0,0,1,1,0.0
2082.0,0.0,0.0,0,1,1,0.0
2083.0,0.0,0.0,0,1,1,0.0
2084.0,0.0,0.0,0,1,1,0.0
2085.0,0.0,0.0,0,1,1,0.0
2086.0,0.0,0.0,0,1,1,0.0
2087.0,0.0,0.0,0,1,1,0.0
2088.0,0.0,0.0,0,1,1,0.0
2089.0,0.0,0.0,0,1,1,0.0
2090.0,0.0,0.0,0,1,1,0.0
2091.0,0.0,0.0,0,1,1,0.0
2092.0,0.0,0.0,0,1,1,0.0
2093.0,0.0,0.0,0,1,1,0.0
2094.0,0.0,0.0,0,1,1,0.0
2095.0,0.0,0.0,0,1,1,0.0
2096.0,0.0,0.0,0,1,1,0.0
2097.0,0.0,0.0,0,1,1,0.0
2098.0,0.0,0.0,0,1,1,0.0
2099.0,0.0,0.0,0,1,1,0.0
2100.0,0.0,0.0,0,1,1,0.0
2101.0,0.0,0.0,0,1,1,0.0
2102.0,0.0,0.0,0,1,1,0.0
2103.0,0.0,0.0,0,1,1,0.0
2104.0,0.0,0.0,0,1,1,0.0
2105.0,0.0,0.0,0,1,1,0.0
2106.0,0.0,0.0,0,1,1,0.0
2107.0,0.0,0.0,0,1,1,0.0
2108.0,0.0,0.0,0,1,1,0.0
2109.0,0.0,0.0,0,1,1,0.0
2110.0,0.0,0.0,0,1,1,0.0
2111.0,0.0,0.0,0,1,1,0.0
2112.0,0.0,0.0,0,1,1,0.0
2113.0,0.0,0.0,0,1,1,0.0
2114.0,0.0,0.0,0,1,1,0.0
2115.0,0.0,0.0,0,1,1,0.0
2116.0,0.0,0.0,0,1,1,0.0
2117.0,0.0,0.0,0,1,1,0.0
2118.0,0.0,0.0,0,1,1,0.0
2119.0,0.0,0.0,0,1,1,0.0
2120.0,0.0,0.0,0,1,1,0.0
2121.0,0.0,0.0,0,1,1,0.0
2122.0,0.0,0.0,0,1,1,0.0
2123.0,0.0,0.0,0,1,1,0.0
2124.0,0.0,0.0,0,1,1,0.0
2125.0,0.0,0.0,0,1,1,0.0
2126.0,0.0,0.0,0,1,1,0.0
2127.0,0.0,0.0,0,1,1,0.0
2128.0,0.0,0.0,0,1,1,0.0
2129.0,0.0,0.0,0,1,1,0.0
2130.0,0.0,0.0,0,1,1,0.0
2131.0,0.0,0.0,0,1,1,0.0
2132.0,0.0,0.0,0,1,1,0.0
2133.0,0.0,0.0,0,1,1,0.0
2134.0,0.0,0.0,0,1,1,0.0
2135.0,0.0,0.0,0,1,1,0.0
2136.0,0.0,0.0,0,1,1,0.0
2137.0,0.0,0.0,0,1,1,0.0
2138.0,0.0,0.0,0,1,1,0.0
2139.0,0.0,0.0,0,1,1,0.0
2140.0,0.0,0.0,0,1,1,0.0
2141.0,0.0,0.0,0,1,1,0.0
2142.0,0.0,0.0,0,1,1,0.0
2143.0,0.0,0.0,0,1,1,0.0
2144.0,0.0,0.0,0,1,1,0.0
2145.0,0.0,0.0,0,1,1,0.0
2146.0,0.0,0.0,0,1,1,0.0
2147.0,0.0,0.0,0,1,1,0.0
2148.0,0.0,0.0,0,1,1,0.0
2149.0,0.0,0.0,0,1,1,0.0
2150.0,0.0,0.0,0,1,1,0.0
2151.0,0.0,0.0,0,1,1,0.0
2152.0,0.0,0.0,0,1,1,0.0
2153.0,0.0,0.0,0,1,1,0.0
2154.0,0.0,0.0,0,1,1,0.0
2155.0,0.0,0.0,0,1,1,0.0
2156.0,0.0,0.0,0,1,1,0.0
2157.0,0.0,0.0,0,1,1,0.0
2158.0,0.0,0.0,0,1,1,0.0
2159.0,0.0,0.0,0,1,1,0.0
2160.0,0.0,0.0,0,1,1,0.0
2161.0,0.0,0.0,0,1,1,0.0
2162.0,0.0,0.0,0,1,1,0.0
2163.0,0.0,0.0,0,1,1,0.0
2164.0,0.0,0.0,0,1,1,0.0
2165.0,0.0,0.0,0,1,1,0.0
2166.0,0.0,0.0,0,1,1,0.0
2167.0,0.0,0.0,0,1,1,0.0
2168.0,0.0,0.0,0,1,1,0.0
2169.0,0.0,0.0,0,1,1,0.0
2170.0,0.0,0.0,0,1,1,0.0
2171.0,0.0,0.0,0,1,1,0.0
2172.0,0.0,0.0,0,1,1,0.0
2173.0,0.0,0.0,0,1,1,0.0
2174.0,0.0,0.0,0,1,1,0.0
2175.0,0.0,0.0,0,1,1,0.0
2176.0,0.0,0.0,0,1,1,0.0
2177.0,0.0,0.0,0,1,1,0.0
2178.0,0.0,0.0,0,1,1,0.0
2179.0,0.0,0.0,0,1,1,0.0
2180.0,0.0,0.0,0,1,1,0.0
2181.0,0.0,0.0,0,1,1,0.0
2182.0,0.0,0.0,0,1,1,0.0
2183.0,0.0,0.0,0,1,1,0.0
2184.0,0.0,0.0,0,1,1,0.0
2185.0,0.0,0.0,0,1,1,0.0
2186.0,0.0,0.0,0,1,1,0.0
2187.0,0.0,0.0,0,1,1,0.0
2188.0,0.0,0.0,0,1,1,0.0
2189.0,0.0,0.0,0,1,1,0.0
2190.0,0.0,0.0,0,1,1,0.0
2191.0,0.0,0.0,0,1,1,0.0
2192.0,0.0,0.0,0,1,1,0.0
2193.0,0.0,0.0,0,1,1,0.0
2194.0,0.0,0.0,0,1,1,0.0
2195.0,0.0,0.0,0,1,1,0.0
2196.0,0.0,0.0,0,1,1,0.0
2197.0,0.0,0.0,0,1,1,0.0
2198.0,0.0,0.0,0,1,1,0.0
2199.0,0.0,0.0,0,1,1,0.0
2200.0,0.0,0.0,0,1,1,0.0
2201.0,0.0,0.0,0,1,1,0.0
2202.0,0.0,0.0,0,1,1,0.0
2203.0,0.0,0.0,0,1,1,0.0
2204.0,0.0,0.0,0,1,1,0.0
2205.0,0.0,0.0,0,1,1,0.0
2206.0,0.0,0.0,0,1,1,0.0
2207.0,0.0,0.0,0,1,1,0.0
2208.0,0.0,0.0,0,1,1,0.0
2209.0,0.0,0.0,0,1,1,0.0
2210.0,0.0,0.0,0,1,1,0.0
2211.0,0.0,0.0,0,1,1,0.0
2212.0,0.0,0.0,0,1,1,0.0
2213.0,0.0,0.0,0,1,1,0.0
2214.0,0.0,0.0,0,1,1,0.0
2215.0,0.0,0.0,0,1,1,0.0
2216.0,0.0,0.0,0,1,1,0.0
2217.0,0.0,0.0,0,1,1,0.0
2218.0,0.0,0.0,0,1,1,0.0
2219.0,0.0,0.0,0,1,1,0.0
2220.0,0.0,0.0,0,1,1,0.0
2221.0,0.0,0.0,0,1,1,0.0
2222.0,0.0,0.0,0,1,1,0.0
2223.0,0.0,0.0,0,1,1,0.0
2224.0,0.0,0.0,0,1,1,0.0
2225.0,0.0,0.0,0,1,1,0.0
2226.0,0.0,0.0,0,1,1,0.0
2227.0,0.0,0.0,0,1,1,0.0
2228.0,0.0,0.0,0,1,1,0.0
2229.0,0.0,0.0,0,1,1,0.0
2230.0,0.0,0.0,0,1,1,0.0
2231.0,0.0,0.0,0,1,1,0.0
2232.0,0.0,0.0,0,1,1,0.0
2233.0,0.0,0.0,0,1,1,0.0
2234.0,0.0,0.0,0,1,1,0.0
2235.0,0.0,0.0,0,1,1,0.0
2236.0,0.0,0.0,0,1,1,0.0
2237.0,0.0,0.0,0,1,1,0.0
2238.0,0.0,0.0,0,1,1,0.0
2239.0,0.0,0.0,0,1,1,0.0
2240.0,0.0,0.0,0,1,1,0.0
2241.0,0.0,0.0,0,1,1,0.0
2242.0,0.0,0.0,0,1,1,0.0
2243.0,0.0,0.0,0,1,1,0.0
2244.0,0.0,0.0,0,1,1,0.0
2245.0,0.0,0.0,0,1,1,0.0
2246.0,0.0,0.0,0,1,1,0.0
2247.0,0.0,0.0,0,1,1,0.0
2248.0,0.0,0.0,0,1,1,0.0
2249.0,0.0,0.0,0,1,1,0.0
2250.0,0.0,0.0,0,1,1,0.0
2251.0,0.0,0.0,0,1,1,0.0
2252.0,0.0,0.0,0,1,1,0.0
2253.0,0.0,0.0,0,1,1,0.0
2254.0,0.0,0.0,0,1,1,0.0
2255.0,0.0,0.0,0,1,1,0.0
2256.0,0.0,0.0,0,1,1,0.0
2257.0,0.0,0.0,0,1,1,0.0
2258.0,0.0,0.0,0,1,1,0.0
2259.0,0.0,0.0,0,1,1,0.0
2260.0,0.0,0.0,0,1,1,0.0
2261.0,0.0,0.0,0,1,1,0.0
2262.0,0.0,0.0,0,1,1,0.0
2263.0,0.0,0.0,0,1,1,0.0
2264.0,0.0,0.0,0,1,1,0.0
2265.0,0.0,0.0,0,1,1,0.0
2266.0,0.0,0.0,0,1,1,0.0
2267.0,0.0,0.0,0,1,1,0.0
2268.0,0.0,0.0,0,1,1,0.0
2269.0,0.0,0.0,0,1,1,0.0
2270.0,0.0,0.0,0,1,1,0.0
2271.0,0.0,0.0,0,1,1,0.0
2272.0,0.0,0.0,0,1,1,0.0
2273.0,0.0,0.0,0,1,1,0.0
2274.0,0.0,0.0,0,1,1,0.0
2275.0,0.0,0.0,0,1,1,0.0
2276.0,0.0,0.0,0,1,1,0.0
2277.0,0.0,0.0,0,1,1,0.0
2278.0,0.0,0.0,0,1,1,0.0
2279.0,0.0,0.0,0,1,1,0.0
2280.0,0.0,0.0,0,1,1,0.0
2281.0,0.0,0.0,0,1,1,0.0
2282.0,0.0,0.0,0,1,1,0.0
2283.0,0.0,0.0,0,1,1,0.0
2284.0,0.0,0.0,0,1,1,0.0
2285.0,0.0,0.0,0,1,1,0.0
2286.0,0.0,0.0,0,1,1,0.0
2287.0,0.0,0.0,0,1,1,0.0
2288.0,0.0,0.0,0,1,1,0.0
2289.0,0.0,0.0,0,1,1,0.0
2290.0,0.0,0.0,0,1,1,0.0
2291.0,0.0,0.0,0,1,1,0.0
2292.0,0.0,0.0,0,1,1,0.0
2293.0,0.0,0.0,0,1,1,0.0
2294.0,0.0,0.0,0,1,1,0.0
2295.0,0.0,0.0,0,1,1,0.0
2296.0,0.0,0.0,0,1,1,0.0
2297.0,0.0,0.0,0,1,1,0.0
2298.0,0.0,0.0,0,1,1,0.0
2299.0,0.0,0.0,0,1,1,0.0
2300.0,0.0,0.0,0,1,1,0.0
2301.0,0.0,0.0,0,1,1,0.0
2302.0,0.0,0.0,0,1,1,0.0
2303.0,0.0,0.0,0,1,1,0.0
2304.0,0.0,0.0,0,1,1,0.0
2305.0,0.0,0.0,0,1,1,0.0
2306.0,0.0,0.0,0,1,1,0.0
2307.0,0.0,0.0,0,1,1,0.0
2308.0,0.0,0.0,0,1,1,0.0
2309.0,0.0,0.0,0,1,1,0.0
2310.0,0.0,0.0,0,1,1,0.0
2311.0,0.0,0.0,0,1,1,0.0
2312.0,0.0,0.0,0,1,1,0.0
2313.0,0.0,0.0,0,1,1,0.0
2314.0,0.0,0.0,0,1,1,0.0
2315.0,0.0,0.0,0,1,1,0.0
2316.0,0.0,0.0,0,1,1,0.0
2317.0,0.0,0.0,0,1,1,0.0
2318.0,0.0,0.0,0,1,1,0.0
2319.0,0.0,0.0,0,1,1,0.0
2320.0,0.0,0.0,0,1,1,0.0
2321.0,0.0,0.0,0,1,1,0.0
2322.0,0.0,0.0,0,1,1,0.0
2323.0,0.0,0.0,0,1,1,0.0
2324.0,0.0,0.0,0,1,1,0.0
2325.0,0.0,0.0,0,1,1,0.0
2326.0,0.0,0.0,0,1,1,0.0
2327.0,0.0,0.0,0,1,1,0.0
2328.0,0.0,0.0,0,1,1,0.0
2329.0,0.0,0.0,0,1,1,0.0
2330.0,0.0,0.0,0,1,1,0.0
2331.0,0.0,0.0,0,1,1,0.0
2332.0,0.0,0.0,0,1,1,0.0
2333.0,0.0,0.0,0,1,1,0.0
2334.0,0.0,0.0,0,1,1,0.0
2335.0,0.0,0.0,0,1,1,0.0
2336.0,0.0,0.0,0,1,1,0.0
2337.0,0.0,0.0,0,1,1,0.0
2338.0,0.0,0.0,0,1,1,0.0
2339.0,0.0,0.0,0,1,1,0.0
2340.0,0.0,0.0,0,1,1,0.0
2341.0,0.0,0.0,0,1,1,0.0
2342.0,0.0,0.0,0,1,1,0.0
2343.0,0.0,0.0,0,1,1,0.0
2344.0,0.0,0.0,0,1,1,0.0
2345.0,0.0,0.0,0,1,1,0.0
2346.0,0.0,0.0,0,1,1,0.0
2347.0,0.0,0.0,0,1,1,0.0
2348.0,0.0,0.0,0,1,1,0.0
2349.0,0.0,0.0,0,1,1,0.0
2350.0,0.0,0.0,0,1,1,0.0
2351.0,0.0,0.0,0,1,1,0.0
2352.0,0.0,0.0,0,1,1,0.0
2353.0,0.0,0.0,0,1,1,0.0
2354.0,0.0,0.0,0,1,1,0.0
2355.0,0.0,0.0,0,1,1,0.0
2356.0,0.0,0.0,0,1,1,0.0
2357.0,0.0,0.0,0,1,1,0.0
2358.0,0.0,0.0,0,1,1,0.0
2359.0,0.0,0.0,0,1,1,0.0
2360.0,0.0,0.0,0,1,1,0.0
2361.0,0.0,0.0,0,1,1,0.0
2362.0,0.0,0.0,0,1,1,0.0
2363.0,0.0,0.0,0,1,1,0.0
2364.0,0.0,0.0,0,1,1,0.0
2365.0,0.0,0.0,0,1,1,0.0
2366.0,0.0,0.0,0,1,1,0.0
2367.0,0.0,0.0,0,1,1,0.0
2368.0,0.0,0.0,0,1,1,0.0
2369.0,0.0,0.0,0,1,1,0.0
2370.0,0.0,0.0,0,1,1,0.0
2371.0,0.0,0.0,0,1,1,0.0
2372.0,0.0,0.0,0,1,1,0.0
2373.0,0.0,0.0,0,1,1,0.0
2374.0,0.0,0.0,0,1,1,0.0
2375.0,0.0,0.0,0,1,1,0.0
2376.0,0.0,0.0,0,1,1,0.0
2377.0,0.0,0.0,0,1,1,0.0
2378.0,0.0,0.0,0,1,1,0.0
2379.0,0.0,0.0,0,1,1,0.0
2380.0,0.0,0.0,0,1,1,0.0
2381.0,0.0,0.0,0,1,1,0.0
2382.0,0.0,0.0,0,1,1,0.0
2383.0,0.0,0.0,0,1,1,0.0
2384.0,0.0,0.0,0,1,1,0.0
2385.0,0.0,0.0,0,1,1,0.0
2386.0,0.0,0.0,0,1,1,0.0
2387.0,0.0,0.0,0,1,1,0.0
2388.0,0.0,0.0,0,1,1,0.0
2389.0,0.0,0.0,0,1,1,0.0
2390.0,0.0,0.0,0,1,1,0.0
2391.0,0.0,0.0,0,1,1,0.0
2392.0,0.0,0.0,0,1,1,0.0
2393.0,0.0,0.0,0,1,1,0.0
2394.0,0.0,0.0,0,1,1,0.0
2395.0,0.0,0.0,0,1,1,0.0
2396.0,0.0,0.0,0,1,1,0.0
2397.0,0.0,0.0,0,1,1,0.0
2398.0,0.0,0.0,0,1,1,0.0
2399.0,0.0,0.0,0,1,1,0.0
2400.0,0.0,0.0,0,1,1,0.0
2401.0,0.0,0.0,0,1,1,0.0
2402.0,0.0,0.0,0,1,1,0.0
2403.0,0.0,0.0,0,1,1,0.0
2404.0,0.0,0.0,0,1,1,0.0
2405.0,0.0,0.0,0,1,1,0.0
2406.0,0.0,0.0,0,1,1,0.0
2407.0,0.0,0.0,0,1,1,0.0
2408.0,0.0,0.0,0,1,1,0.0
2409.0,0.0,0.0,0,1,1,0.0
2410.0,0.0,0.0,0,1,1,0.0
2411.0,0.0,0.0,0,1,1,0.0
2412.0,0.0,0.0,0,1,1,0.0
2413.0,0.0,0.0,0,1,1,0.0
2414.0,0.0,0.0,0,1,1,0.0
2415.0,0.0,0.0,0,1,1,0.0
2416.0,0.0,0.0,0,1,1,0.0
2417.0,0.0,0.0,0,1,1,0.0
2418.0,0.0,0.0,0,1,1,0.0
2419.0,0.0,0.0,0,1,1,0.0
2420.0,0.0,0.0,0,1,1,0.0
2421.0,0.0,0.0,0,1,1,0.0
2422.0,0.0,0.0,0,1,1,0.0
2423.0,0.0,0.0,0,1,1,0.0
2424.0,0.0,0.0,0,1,1,0.0
2425.0,0.0,0.0,0,1,1,0.0
2426.0,0.0,0.0,0,1,1,0.0
2427.0,0.0,0.0,0,1,1,0.0
2428.0,0.0,0.0,0,1,1,0.0
2429.0,0.0,0.0,0,1,1,0.0
2430.0,0.0,0.0,0,1,1,0.0
2431.0,0.0,0.0,0,1,1,0.0
2432.0,0.0,0.0,0,1,1,0.0
2433.0,0.0,0.0,0,1,1,0.0
2434.0,0.0,0.0,0,1,1,0.0
2435.0,0.0,0.0,0,1,1,0.0
2436.0,0.0,0.0,0,1,1,0.0
2437.0,0.0,0.0,0,1,1,0.0
2438.0,0.0,0.0,0,1,1,0.0
2439.0,0.0,0.0,0,1,1,0.0
2440.0,0.0,0.0,0,1,1,0.0
2441.0,0.0,0.0,0,1,1,0.0
2442.0,0.0,0.0,0,1,1,0.0
2443.0,0.0,0.0,0,1,1,0.0
2444.0,0.0,0.0,0,1,1,0.0
2445.0,0.0,0.0,0,1,1,0.0
2446.0,0.0,0.0,0,1,1,0.0
2447.0,0.0,0.0,0,1,1,0.0
2448.0,0.0,0.0,0,1,1,0.0
2449.0,0.0,0.0,0,1,1,0.0
2450.0,0.0,0.0,0,1,1,0.0
2451.0,0.0,0.0,0,1,1,0.0
2452.0,0.0,0.0,0,1,1,0.0
2453.0,0.0,0.0,0,1,1,0.0
2454.0,0.0,0.0,0,1,1,0.0
2455.0,0.0,0.0,0,1,1,0.0
2456.0,0.0,0.0,0,1,1,0.0
2457.0,0.0,0.0,0,1,1,0.0
2458.0,0.0,0.0,0,1,1,0.0
2459.0,0.0,0.0,0,1,1,0.0
2460.0,0.0,0.0,0,1,1,0.0
2461.0,0.0,0.0,0,1,1,0.0
2462.0,0.0,0.0,0,1,1,0.0
2463.0,0.0,0.0,0,1,1,0.0
2464.0,0.0,0.0,0,1,1,0.0
2465.0,0.0,0.0,0,1,1,0.0
2466.0,0.0,0.0,0,1,1,0.0
2467.0,0.0,0.0,0,1,1,0.0
2468.0,0.0,0.0,0,1,1,0.0
2469.0,0.0,0.0,0,1,1,0.0
2470.0,0.0,0.0,0,1,1,0.0
2471.0,0.0,0.0,0,1,1,0.0
2472.0,0.0,0.0,0,1,1,0.0
2473.0,0.0,0.0,0,1,1,0.0
2474.0,0.0,0.0,0,1,1,0.0
2475.0,0.0,0.0,0,1,1,0.0
2476.0,0.0,0.0,0,1,1,0.0
2477.0,0.0,0.0,0,1,1,0.0
2478.0,0.0,0.0,0,1,1,0.0
2479.0,0.0,0.0,0,1,1,0.0
2480.0,0.0,0.0,0,1,1,0.0
2481.0,0.0,0.0,0,1,1,0.0
2482.0,0.0,0.0,0,1,1,0.0
2483.0,0.0,0.0,0,1,1,0.0
2484.0,0.0,0.0,0,1,1,0.0
2485.0,0.0,0.0,0,1,1,0.0
2486.0,0.0,0.0,0,1,1,0.0
2487.0,0.0,0.0,0,1,1,0.0
2488.0,0.0,0.0,0,1,1,0.0
2489.0,0.0,0.0,0,1,1,0.0
2490.0,0.0,0.0,0,1,1,0.0
2491.0,0.0,0.0,0,1,1,0.0
2492.0,0.0,0.0,0,1,1,0.0
2493.0,0.0,0.0,0,1,1,0.0
2494.0,0.0,0.0,0,1,1,0.0
2495.0,0.0,0.0,0,1,1,0.0
2496.0,0.0,0.0,0,1,1,0.0
2497.0,0.0,0.0,0,1,1,0.0
2498.0,0.0,0.0,0,1,1,0.0
2499.0,0.0,0.0,0,1,1,0.0
2500.0,0.0,0.0,0,1,1,0.0
